photoimage,actorname,actorimdb,dateofbirth,placeofbirth,minibio,trivia,race,gender,Domestic
,A.R. Murugadoss,http://www.imdb.com/name/nm1436693/,,,,,,,0
,Aanand Rai,http://www.imdb.com/name/nm2399862/,,,,,,,0
,Aaron Schneider,http://www.imdb.com/name/nm0773689/,,,,,,,1
,Aaron Seltzer,http://www.imdb.com/name/nm0783536/,,,,,,,1
,Abbas Alibhai Burmawalla,http://www.imdb.com/name/nm0122216/,,,,,,,0
,Abbas Kiarostami,http://www.imdb.com/name/nm0452102/,,,,,,,0
,Abdellatif Kechiche,http://www.imdb.com/name/nm0444244/,,,,,,,0
,Abhinav Kashyap,http://www.imdb.com/name/nm3508781/,,,,,,,0
,Abhinay Deo,http://www.imdb.com/name/nm3218978/,,,,,,,0
,Abhishek Varman,http://www.imdb.com/name/nm2831530/,,,,,,,0
,Adam Brooks,http://www.imdb.com/name/nm0111845/,,,,,,,1
,Adam Chapman,http://www.imdb.com/name/nm7920865/,,,,,,,1
,Adam Del Deo,http://www.imdb.com/name/nm0215534/,,,,,,,1
,Adam McKay,http://www.imdb.com/name/nm0570912/,,,,,,,1
,Adam Shankman,http://www.imdb.com/name/nm0788202/,,,,,,,1
,Adam Wingard,http://www.imdb.com/name/nm1417392/,,,,,,,1
,Adrienne Shelly,http://www.imdb.com/name/nm0791248/,,,,,,,1
,Agn¨¨s Jaoui,http://www.imdb.com/name/nm0418450/,,,,,,,0
,Akiva Goldsman,http://www.imdb.com/name/nm0326040/,,,,,,,1
,Akiva Schaffer,http://www.imdb.com/name/nm1676223/,,,,,,,1
,Alain Desrochers,http://www.imdb.com/name/nm0221662/,,,,,,,0
,Alan Poul,http://www.imdb.com/name/nm0693561/,,,,,,,1
,Alan Taylor,http://www.imdb.com/name/nm0851930/,,,,,,,1
,Alastair Fothergill,http://www.imdb.com/name/nm0288144/,,,,,,,1
,Albert Hughes,http://www.imdb.com/name/nm0400436/,,,,,,,1
,Alejandro Agresti,http://www.imdb.com/name/nm0002159/,,,,,,,1
,Alejandro Amen¨¢bar,http://www.imdb.com/name/nm0024622/,,,,,,,0
,Alejandro Chomski,http://www.imdb.com/name/nm1145057/,,,,,,,1
,Alejandro G. I?¨¢rritu,http://www.imdb.com/name/nm0327944/,,,,,,,1
,Alejandro Monteverde,http://www.imdb.com/name/nm1920049/,,,,,,,1
,Alejandro Springall,http://www.imdb.com/name/nm0819702/,,,,,,,0
,Aleksander Bach,http://www.imdb.com/name/nm5507490/,,,,,,,1
,Alex Garland,http://www.imdb.com/name/nm0307497/,,,,,,,0
,Alex Gibney,http://www.imdb.com/name/nm0316795/,,,,,,,1
,Alex Kendrick,http://www.imdb.com/name/nm1731937/,,,,,,,1
,Alex Kurtzman,http://www.imdb.com/name/nm0476064/,,,,,,,1
,Alex Proyas,http://www.imdb.com/name/nm0001639/,,,,,,,1
,Alexander Payne,http://www.imdb.com/name/nm0668247/,,,,,,,1
,Alexander Witt,http://www.imdb.com/name/nm0936838/,,,,,,,0
,Alexandre Aja,http://www.imdb.com/name/nm0014960/,,,,,,,1
,Alfonso Cuar¨®n,http://www.imdb.com/name/nm0190859/,,,,,,,1
,Alfonso Gomez-Rejon,http://www.imdb.com/name/nm0004234/,,,,,,,1
,Alfredo Rodriguez de Villa,http://www.imdb.com/name/nm0212137/,,,,,,,1
,Alister Grierson,http://www.imdb.com/name/nm0340958/,,,,,,,1
,Allen Coulter,http://www.imdb.com/name/nm0002339/,,,,,,,1
,Allen Hughes,http://www.imdb.com/name/nm0400441/,,,,,,,1
,Amma Asante,http://www.imdb.com/name/nm1392994/,,,,,,,0
,Amol Palekar,http://www.imdb.com/name/nm0657505/,,,,,,,0
,Anand Tucker,http://www.imdb.com/name/nm0875793/,,,,,,,1
,Andrew Adamson,http://www.imdb.com/name/nm0011470/,,,,,,,1
,Andrew Davis,http://www.imdb.com/name/nm0001112/,,,,,,,1
,Andrew Dominik,http://www.imdb.com/name/nm0231596/,,,,,,,1
,Andrew Douglas,http://www.imdb.com/name/nm1497918/,,,,,,,1
,Andrew Erwin,http://www.imdb.com/name/nm3401779/,,,,,,,1
,Andrew Fleming,http://www.imdb.com/name/nm0281598/,,,,,,,1
,Andrew Haigh,http://www.imdb.com/name/nm0354091/,,,,,,,0
,Andrew Niccol,http://www.imdb.com/name/nm0629272/,,,,,,,1
,Andrew Stanton,http://www.imdb.com/name/nm0004056/,,,,,,,1
,Andrzej Bartkowiak,http://www.imdb.com/name/nm0005647/,,,,,,,1
,Andr¨¦ Ducharme,http://www.imdb.com/name/nm0239788/,,,,,,,0
,Andr¨¦s Muschietti,http://www.imdb.com/name/nm0615592/,,,,,,,0
,Andy Cadiff,http://www.imdb.com/name/nm0128225/,,,,,,,1
,Andy Cheng,http://www.imdb.com/name/nm0155536/,,,,,,,1
,Andy Fickman,http://www.imdb.com/name/nm0275698/,,,,,,,1
,Andy Tennant,http://www.imdb.com/name/nm0855035/,,,,,,,1
,Anees Bazmee,http://www.imdb.com/name/nm0063357/,,,,,,,0
,Ang Lee,http://www.imdb.com/name/nm0000487/,,,,,,,1
,Angel Gracia,http://www.imdb.com/name/nm0333471/,,,,,,,1
,Angela Robinson,http://www.imdb.com/name/nm1286340/,,,,,,,1
,Angelina Jolie Pitt,http://www.imdb.com/name/nm0001401/,,,,,,,1
,Angelo Pizzo,http://www.imdb.com/name/nm0686233/,,,,,,,1
,Anna Boden,http://www.imdb.com/name/nm1349818/,,,,,,,1
,Anne Fletcher,http://www.imdb.com/name/nm0281945/,,,,,,,1
,Anne Fontaine,http://www.imdb.com/name/nm0284774/,,,,,,,0
,Anne Sundberg,http://www.imdb.com/name/nm0839064/,,,,,,,1
,Anthony Bell,http://www.imdb.com/name/nm0068034/,,,,,,,1
,Anthony Geffen,http://www.imdb.com/name/nm0311687/,,,,,,,1
,Anthony Hemingway,http://www.imdb.com/name/nm0376006/,,,,,,,1
,Anthony Leondis,http://www.imdb.com/name/nm1902232/,,,,,,,0
,Anthony Russo,http://www.imdb.com/name/nm0751577/,,,,,,,1
,Anthony Stacchi,http://www.imdb.com/name/nm0820934/,,,,,,,1
,Antoine Fuqua,http://www.imdb.com/name/nm0298807/,,,,,,,1
,Anton Corbijn,http://www.imdb.com/name/nm0179221/,,,,,,,1
,Anubhav Sinha,http://www.imdb.com/name/nm1025280/,,,,,,,1
,Anurag Basu,http://www.imdb.com/name/nm1397301/,,,,,,,0
,Arbaaz Khan,http://www.imdb.com/name/nm0451170/,,,,,,,0
,Ari Folman,http://www.imdb.com/name/nm0284369/,,,,,,,0
,Ari Sandel,http://www.imdb.com/name/nm1847738/,,,,,,,1
,Ariel Schulman,http://www.imdb.com/name/nm1413364/,,,,,,,1
,Ariel Vromen,http://www.imdb.com/name/nm1033517/,,,,,,,1
,Aristomenis Tsirbas,http://www.imdb.com/name/nm0875056/,,,,,,,1
,Armando Iannucci,http://www.imdb.com/name/nm0406334/,,,,,,,0
,Asger Leth,http://www.imdb.com/name/nm1300606/,,,,,,,1
,Asghar Farhadi,http://www.imdb.com/name/nm1410815/,,,,,,,0
,Ash Brannon,http://www.imdb.com/name/nm0105169/,,,,,,,1
,Ashutosh Gowariker,http://www.imdb.com/name/nm0332950/,,,,,,,0
,Asif Kapadia,http://www.imdb.com/name/nm0438090/,,,,,,,1
,Atom Egoyan,http://www.imdb.com/name/nm0000382/,,,,,,,1
,Ava DuVernay,http://www.imdb.com/name/nm1148550/,,,,,,,1
,Aviva Kempner,http://www.imdb.com/name/nm0447476/,,,,,,,1
,Ayan Mukerji,http://www.imdb.com/name/nm8196063/,,,,,,,0
,Baltasar Korm¨¢kur,http://www.imdb.com/name/nm0466349/,,,,,,,1
,Banksy,http://www.imdb.com/name/nm2612991/,,,,,,,0
,Barry Cook,http://www.imdb.com/name/nm0176905/,,,,,,,1
,Barry Levinson,http://www.imdb.com/name/nm0001469/,,,,,,,1
,Barry Sonnenfeld,http://www.imdb.com/name/nm0001756/,,,,,,,1
,Barry W. Blaustein,http://www.imdb.com/name/nm0087904/,,,,,,,1
,Bart Freundlich,http://www.imdb.com/name/nm0294505/,,,,,,,1
,Baz Luhrmann,http://www.imdb.com/name/nm0525303/,,,,,,,1
,Beeban Kidron,http://www.imdb.com/name/nm0452319/,,,,,,,0
,Ben Affleck,http://www.imdb.com/name/nm0000255/,,,,,,,1
,Ben Falcone,http://www.imdb.com/name/nm1229520/,,,,,,,1
,Ben Gluck,http://www.imdb.com/name/nm0994310/,,,,,,,1
,Ben Lewin,http://www.imdb.com/name/nm0506802/,,,,,,,1
,Ben Stassen,http://www.imdb.com/name/nm0823721/,,,,,,,1
,Ben Stiller,http://www.imdb.com/name/nm0001774/,,,,,,,1
,Benh Zeitlin,http://www.imdb.com/name/nm1022455/,,,,,,,1
,Bennett Miller,http://www.imdb.com/name/nm0587955/,,,,,,,1
,Benny Boom,http://www.imdb.com/name/nm1534600/,,,,,,,1
,Beno?t Jacquot,http://www.imdb.com/name/nm0415245/,,,,,,,0
,Benson Lee,http://www.imdb.com/name/nm0496863/,,,,,,,1
,Bernardo Bertolucci,http://www.imdb.com/name/nm0000934/,,,,,,,0
,Bernie Olaf,http://www.imdb.com/name/nm6457171/,,,,,,,1
,Beto G¨®mez,http://www.imdb.com/name/nm0351021/,,,,,,,0
,Betsy Chasse,http://www.imdb.com/name/nm0153912/,,,,,,,1
,Betty Thomas,http://www.imdb.com/name/nm0858525/,,,,,,,1
,Bharat Nalluri,http://www.imdb.com/name/nm0620576/,,,,,,,0
,Bibo Bergeron,http://www.imdb.com/name/nm0074426/,,,,,,,1
,Bill Condon,http://www.imdb.com/name/nm0174374/,,,,,,,1
,Bill Duke,http://www.imdb.com/name/nm0004886/,,,,,,,1
,Bill Paxton,http://www.imdb.com/name/nm0000200/,,,,,,,1
,Bill Pohlad,http://www.imdb.com/name/nm0688361/,,,,,,,1
,Bille Woodruff,http://www.imdb.com/name/nm0937306/,,,,,,,1
,Billy Ray,http://www.imdb.com/name/nm0712753/,,,,,,,1
,Bj?rn Stein,http://www.imdb.com/name/nm0825407/,,,,,,,1
,Blair Treu,http://www.imdb.com/name/nm0872316/,,,,,,,1
,Boaz Yakin,http://www.imdb.com/name/nm0945026/,,,,,,,1
,Bob Clark,http://www.imdb.com/name/nm0163706/,,,,,,,1
,Bob Dolman,http://www.imdb.com/name/nm0231190/,,,,,,,1
,Bob Gosse,http://www.imdb.com/name/nm0331606/,,,,,,,1
,Bob Odenkirk,http://www.imdb.com/name/nm0644022/,,,,,,,1
,Bob Peterson,http://www.imdb.com/name/nm0677037/,,,,,,,1
,Bobby Farrelly,http://www.imdb.com/name/nm0268370/,,,,,,,1
,Brad Anderson,http://www.imdb.com/name/nm0026442/,,,,,,,1
,Brad Bird,http://www.imdb.com/name/nm0083348/,,,,,,,1
,Brad Furman,http://www.imdb.com/name/nm1026778/,,,,,,,1
,Brad J. Silverman,http://www.imdb.com/name/nm0798888/,,,,,,,1
,Brad Lewis,http://www.imdb.com/name/nm0506977/,,,,,,,1
,Brad Peyton,http://www.imdb.com/name/nm0679031/,,,,,,,1
,Brad Silberling,http://www.imdb.com/name/nm0797869/,,,,,,,1
,Bradley Parker,http://www.imdb.com/name/nm0662086/,,,,,,,1
,Brandon Camp,http://www.imdb.com/name/nm0131969/,,,,,,,1
,Breck Eisner,http://www.imdb.com/name/nm0252135/,,,,,,,1
,Brenda Chapman,http://www.imdb.com/name/nm0152312/,,,,,,,1
,Brett Haley,http://www.imdb.com/name/nm1417640/,,,,,,,1
,Brett Ratner,http://www.imdb.com/name/nm0711840/,,,,,,,1
,Brian Baugh,http://www.imdb.com/name/nm0061982/,,,,,,,1
,Brian Dannelly,http://www.imdb.com/name/nm0200380/,,,,,,,1
,Brian De Palma,http://www.imdb.com/name/nm0000361/,,,,,,,1
,Brian Dublin,http://www.imdb.com/name/nm3818996/,,,,,,,0
,Brian Helgeland,http://www.imdb.com/name/nm0001338/,,,,,,,1
,Brian Klugman,http://www.imdb.com/name/nm0460206/,,,,,,,1
,Brian Koppelman,http://www.imdb.com/name/nm0002718/,,,,,,,1
,Brian Levant,http://www.imdb.com/name/nm0505152/,,,,,,,1
,Brian Percival,http://www.imdb.com/name/nm1093053/,,,,,,,1
,Brian Robbins,http://www.imdb.com/name/nm0005367/,,,,,,,1
,Brian Taylor,http://www.imdb.com/name/nm0962729/,,,,,,,1
,Bruce A. Evans,http://www.imdb.com/name/nm0262595/,,,,,,,1
,Bruce Beresford,http://www.imdb.com/name/nm0000915/,,,,,,,0
,Bruce Hendricks,http://www.imdb.com/name/nm0376712/,,,,,,,1
,Bruce Hunt,http://www.imdb.com/name/nm0402365/,,,,,,,1
,Bruce Robinson,http://www.imdb.com/name/nm0732430/,,,,,,,1
,Bruno Podalyd¨¨s,http://www.imdb.com/name/nm0687913/,,,,,,,0
,Bryan Barber,http://www.imdb.com/name/nm1309359/,,,,,,,1
,Bryan Bertino,http://www.imdb.com/name/nm1052162/,,,,,,,1
,Bryan Singer,http://www.imdb.com/name/nm0001741/,,,,,,,1
,Burr Steers,http://www.imdb.com/name/nm0824882/,,,,,,,1
,Byambasuren Davaa,http://www.imdb.com/name/nm1389025/,,,,,,,0
,Byron Howard,http://www.imdb.com/name/nm0397174/,,,,,,,1
,C.B. Harding,http://www.imdb.com/name/nm1085552/,,,,,,,1
,Cal Brunker,http://www.imdb.com/name/nm2117510/,,,,,,,1
,Callie Khouri,http://www.imdb.com/name/nm0451884/,,,,,,,1
,Cameron Crowe,http://www.imdb.com/name/nm0001081/,,,,,,,1
,Camille Delamarre,http://www.imdb.com/name/nm0216214/,,,,,,,0
,Carl Franklin,http://www.imdb.com/name/nm0002083/,,,,,,,1
,Carl Rinsch,http://www.imdb.com/name/nm0727754/,,,,,,,1
,Carlos Cuar¨®n,http://www.imdb.com/name/nm0190860/,,,,,,,0
,Carlos Saldanha,http://www.imdb.com/name/nm0757858/,,,,,,,1
,Carter Smith,http://www.imdb.com/name/nm2127650/,,,,,,,1
,Cary Joji Fukunaga,http://www.imdb.com/name/nm1560977/,,,,,,,0
,Catherine Hardwicke,http://www.imdb.com/name/nm0362566/,,,,,,,1
,Catherine Owens,http://www.imdb.com/name/nm3969724/,,,,,,,1
,Chad Stahelski,http://www.imdb.com/name/nm0821432/,,,,,,,1
,Chan-wook Park,http://www.imdb.com/name/nm0661791/,,,,,,,1
,Charles Dance,http://www.imdb.com/name/nm0001097/,,,,,,,0
,Charles Ferguson,http://www.imdb.com/name/nm2480587/,,,,,,,1
,Charles Guard,http://www.imdb.com/name/nm0345294/,,,,,,,1
,Charles Martin Smith,http://www.imdb.com/name/nm0001747/,,,,,,,1
,Charles Robert Carner,http://www.imdb.com/name/nm0138706/,,,,,,,1
,Charles S. Dutton,http://www.imdb.com/name/nm0001165/,,,,,,,1
,Charles Shyer,http://www.imdb.com/name/nm0796124/,,,,,,,1
,Charles Stone III,http://www.imdb.com/name/nm0831690/,,,,,,,1
,Charlie Kaufman,http://www.imdb.com/name/nm0442109/,,,,,,,1
,Charlie Siskel,http://www.imdb.com/name/nm0803020/,,,,,,,1
,Cheryl Dunye,http://www.imdb.com/name/nm0243109/,,,,,,,1
,Chris Buck,http://www.imdb.com/name/nm0118333/,,,,,,,1
,Chris Butler,http://www.imdb.com/name/nm2752098/,,,,,,,1
,Chris Carter,http://www.imdb.com/name/nm0004810/,,,,,,,1
,Chris Columbus,http://www.imdb.com/name/nm0001060/,,,,,,,1
,Chris Gorak,http://www.imdb.com/name/nm0329755/,,,,,,,1
,Chris Kentis,http://www.imdb.com/name/nm0448900/,,,,,,,1
,Chris Lofing,http://www.imdb.com/name/nm3951039/,,,,,,,1
,Chris Miller,http://www.imdb.com/name/nm3735491/,,,,,,,1
,Chris Noonan,http://www.imdb.com/name/nm0003088/,,,,,,,0
,Chris Renaud,http://www.imdb.com/name/nm0719208/,,,,,,,1
,Chris Robinson,http://www.imdb.com/name/nm1309090/,,,,,,,1
,Chris Rock,http://www.imdb.com/name/nm0001674/,,,,,,,1
,Chris Sanders,http://www.imdb.com/name/nm0761498/,,,,,,,1
,Chris Sivertson,http://www.imdb.com/name/nm1032754/,,,,,,,1
,Chris Stokes,http://www.imdb.com/name/nm0831321/,,,,,,,1
,Chris Wedge,http://www.imdb.com/name/nm0917188/,,,,,,,1
,Chris Weitz,http://www.imdb.com/name/nm0919363/,,,,,,,1
,Chris Williams,http://www.imdb.com/name/nm0930261/,,,,,,,1
,Christian Alvart,http://www.imdb.com/name/nm0023355/,,,,,,,1
,Christian E. Christiansen,http://www.imdb.com/name/nm0160157/,,,,,,,1
,Christian Fry,http://www.imdb.com/name/nm1905588/,,,,,,,1
,Christian Keller,http://www.imdb.com/name/nm2400342/,,,,,,,0
,Christian Petzold,http://www.imdb.com/name/nm0678857/,,,,,,,0
,Christine Jeffs,http://www.imdb.com/name/nm0420422/,,,,,,,1
,Christophe Barratier,http://www.imdb.com/name/nm0056725/,,,,,,,0
,Christophe Gans,http://www.imdb.com/name/nm0304521/,,,,,,,0
,Christopher Doyle,http://www.imdb.com/name/nm0236313/,,,,,,,0
,Christopher Erskin,http://www.imdb.com/name/nm1348558/,,,,,,,1
,Christopher Guest,http://www.imdb.com/name/nm0001302/,,,,,,,1
,Christopher Landon,http://www.imdb.com/name/nm0484907/,,,,,,,1
,Christopher McQuarrie,http://www.imdb.com/name/nm0003160/,,,,,,,1
,Christopher Miller,http://www.imdb.com/name/nm0588087/,,,,,,,1
,Christopher Nolan,http://www.imdb.com/name/nm0634240/,,,,,,,1
,Christopher Reeve,http://www.imdb.com/name/nm0001659/,,,,,,,1
,Christopher Scott Cherot,http://www.imdb.com/name/nm0156017/,,,,,,,1
,Christopher Spencer,http://www.imdb.com/name/nm0817895/,,,,,,,1
,Ciar¨¢n Foy,http://www.imdb.com/name/nm1164602/,,,,,,,1
,Cindy Meehl,http://www.imdb.com/name/nm4137350/,,,,,,,1
,Clare Kilner,http://www.imdb.com/name/nm0453270/,,,,,,,1
,Clark Gregg,http://www.imdb.com/name/nm0163988/,,,,,,,1
,Clark Johnson,http://www.imdb.com/name/nm0424800/,,,,,,,1
,Claude Desrosiers,http://www.imdb.com/name/nm1068982/,,,,,,,0
,Clint Eastwood,http://www.imdb.com/name/nm0000142/,,,,,,,1
,Cody Cameron,http://www.imdb.com/name/nm0970606/,,,,,,,1
,Colin Brady,http://www.imdb.com/name/nm0103595/,,,,,,,1
,Colin Strause,http://www.imdb.com/name/nm0833779/,,,,,,,1
,Colin Trevorrow,http://www.imdb.com/name/nm1119880/,,,,,,,1
,Conrad Vernon,http://www.imdb.com/name/nm0970447/,,,,,,,1
,Cory Edwards,http://www.imdb.com/name/nm0249897/,,,,,,,1
,Courtney Hunt,http://www.imdb.com/name/nm2581581/,,,,,,,1
,Courtney Solomon,http://www.imdb.com/name/nm0813309/,,,,,,,1
,Craig Brewer,http://www.imdb.com/name/nm0108132/,,,,,,,1
,Craig Gillespie,http://www.imdb.com/name/nm0318916/,,,,,,,1
,Craig Johnson,http://www.imdb.com/name/nm2574897/,,,,,,,1
,Craig Mazin,http://www.imdb.com/name/nm0563301/,,,,,,,1
,Curtis Hanson,http://www.imdb.com/name/nm0000436/,,,,,,,1
,C¨¦dric Klapisch,http://www.imdb.com/name/nm0458251/,,,,,,,0
,D.J. Caruso,http://www.imdb.com/name/nm0142286/,,,,,,,1
,Damien Chazelle,http://www.imdb.com/name/nm3227090/,,,,,,,1
,Damien Dante Wayans,http://www.imdb.com/name/nm1349040/,,,,,,,1
,Dami¨¢n Szifr¨®n,http://www.imdb.com/name/nm1167933/,,,,,,,0
,Damon Dash,http://www.imdb.com/name/nm0201965/,,,,,,,1
,Dan Bradley,http://www.imdb.com/name/nm0103187/,,,,,,,1
,Dan Cutforth,http://www.imdb.com/name/nm0193838/,,,,,,,1
,Dan Fogelman,http://www.imdb.com/name/nm1557594/,,,,,,,1
,Dan Gilroy,http://www.imdb.com/name/nm0319659/,,,,,,,1
,Dan Ireland,http://www.imdb.com/name/nm0006959/,,,,,,,0
,Dan Rush,http://www.imdb.com/name/nm3656297/,,,,,,,1
,Dan Scanlon,http://www.imdb.com/name/nm0768959/,,,,,,,1
,Dana Adam Shapiro,http://www.imdb.com/name/nm1785691/,,,,,,,1
,Daniel Alfredson,http://www.imdb.com/name/nm0019242/,,,,,,,0
,Daniel Barber,http://www.imdb.com/name/nm2905562/,,,,,,,0
,Daniel Barnz,http://www.imdb.com/name/nm1400426/,,,,,,,1
,Daniel Espinosa,http://www.imdb.com/name/nm1174251/,,,,,,,1
,Daniel Ferguson,http://www.imdb.com/name/nm0272402/,,,,,,,1
,Daniel Lusko,http://www.imdb.com/name/nm2662079/,,,,,,,1
,Daniel St. Pierre,http://www.imdb.com/name/nm0820800/,,,,,,,1
,Daniel Stamm,http://www.imdb.com/name/nm0821844/,,,,,,,1
,Daniel Taplitz,http://www.imdb.com/name/nm0850044/,,,,,,,1
,Daniela Thomas,http://www.imdb.com/name/nm0858680/,,,,,,,0
,Danny Boyle,http://www.imdb.com/name/nm0000965/,,,,,,,1
,Danny Cannon,http://www.imdb.com/name/nm0134176/,,,,,,,1
,Danny Leiner,http://www.imdb.com/name/nm0500444/,,,,,,,1
,Danny Pang,http://www.imdb.com/name/nm0659380/,,,,,,,1
,Darnell Martin,http://www.imdb.com/name/nm0552140/,,,,,,,1
,Darrel Campbell,http://www.imdb.com/name/nm0132362/,,,,,,,1
,Darren Aronofsky,http://www.imdb.com/name/nm0004716/,,,,,,,1
,Darren Doane,http://www.imdb.com/name/nm0229544/,,,,,,,1
,Darren Grant,http://www.imdb.com/name/nm0335337/,,,,,,,1
,Darren Lynn Bousman,http://www.imdb.com/name/nm1135423/,,,,,,,1
,Dave Borthwick,http://www.imdb.com/name/nm0097529/,,,,,,,1
,Dave Green,http://www.imdb.com/name/nm1757777/,,,,,,,1
,Dave Meyers,http://www.imdb.com/name/nm0583515/,,,,,,,1
,Dave Willis,http://www.imdb.com/name/nm0932302/,,,,,,,1
,David Ayer,http://www.imdb.com/name/nm0043742/,,,,,,,1
,David Bowers,http://www.imdb.com/name/nm0101047/,,,,,,,1
,David Boyd,http://www.imdb.com/name/nm0101741/,,,,,,,1
,David Cronenberg,http://www.imdb.com/name/nm0000343/,,,,,,,1
,David Dobkin,http://www.imdb.com/name/nm0229694/,,,,,,,1
,David Douglas,http://www.imdb.com/name/nm0235010/,,,,,,,0
,David E. Talbert,http://www.imdb.com/name/nm0847859/,,,,,,,1
,David Fincher,http://www.imdb.com/name/nm0000399/,,,,,,,1
,David Frankel,http://www.imdb.com/name/nm0291205/,,,,,,,1
,David G. Evans,http://www.imdb.com/name/nm3686896/,,,,,,,1
,David Gelb,http://www.imdb.com/name/nm0312173/,,,,,,,1
,David Gordon Green,http://www.imdb.com/name/nm0337773/,,,,,,,1
,David Hackl,http://www.imdb.com/name/nm0352524/,,,,,,,1
,David Koepp,http://www.imdb.com/name/nm0462895/,,,,,,,1
,David L. Cunningham,http://www.imdb.com/name/nm0192289/,,,,,,,1
,David LaChapelle,http://www.imdb.com/name/nm0479999/,,,,,,,1
,David Levien,http://www.imdb.com/name/nm0505522/,,,,,,,1
,David Lickley,http://www.imdb.com/name/nm0999521/,,,,,,,1
,David M. Matthews,http://www.imdb.com/name/nm0559991/,,,,,,,1
,David M. Rosenthal,http://www.imdb.com/name/nm1270033/,,,,,,,1
,David Mamet,http://www.imdb.com/name/nm0000519/,,,,,,,1
,David Mich?d,http://www.imdb.com/name/nm2391575/,,,,,,,0
,David Moreau,http://www.imdb.com/name/nm1219963/,,,,,,,1
,David Nixon,http://www.imdb.com/name/nm1117098/,,,,,,,1
,David O. Russell,http://www.imdb.com/name/nm0751102/,,,,,,,1
,David Palmer,http://www.imdb.com/name/nm3124542/,,,,,,,1
,David Peers,http://www.imdb.com/name/nm1668276/,,,,,,,0
,David R. Ellis,http://www.imdb.com/name/nm0254786/,,,,,,,1
,David Robert Mitchell,http://www.imdb.com/name/nm1379002/,,,,,,,1
,David S. Goyer,http://www.imdb.com/name/nm0333060/,,,,,,,1
,David Schwimmer,http://www.imdb.com/name/nm0001710/,,,,,,,0
,David Silverman,http://www.imdb.com/name/nm0798899/,,,,,,,1
,David Slade,http://www.imdb.com/name/nm1720541/,,,,,,,1
,David Soren,http://www.imdb.com/name/nm1659741/,,,,,,,1
,David Twohy,http://www.imdb.com/name/nm0878638/,,,,,,,1
,David Wain,http://www.imdb.com/name/nm0906476/,,,,,,,1
,David Yates,http://www.imdb.com/name/nm0946734/,,,,,,,1
,David Zucker,http://www.imdb.com/name/nm0001878/,,,,,,,1
,Davis Guggenheim,http://www.imdb.com/name/nm0346550/,,,,,,,1
,Dax Shepard,http://www.imdb.com/name/nm1009277/,,,,,,,1
,Dean DeBlois,http://www.imdb.com/name/nm0213450/,,,,,,,1
,Dean Israelite,http://www.imdb.com/name/nm2410311/,,,,,,,1
,Dean Parisot,http://www.imdb.com/name/nm0661751/,,,,,,,1
,Dean Wright,http://www.imdb.com/name/nm0942331/,,,,,,,0
,Deb Hagan,http://www.imdb.com/name/nm1834176/,,,,,,,1
,Debra Granik,http://www.imdb.com/name/nm0335138/,,,,,,,1
,Deepa Mehta,http://www.imdb.com/name/nm0576548/,,,,,,,0
,Denis Villeneuve,http://www.imdb.com/name/nm0898288/,,,,,,,1
,Dennie Gordon,http://www.imdb.com/name/nm0330140/,,,,,,,1
,Dennis Dugan,http://www.imdb.com/name/nm0240797/,,,,,,,1
,Dennis Iliadis,http://www.imdb.com/name/nm1531934/,,,,,,,1
,Denzel Washington,http://www.imdb.com/name/nm0000243/,,,,,,,1
,Derek Cianfrance,http://www.imdb.com/name/nm0161834/,,,,,,,1
,Derrick Borte,http://www.imdb.com/name/nm0097517/,,,,,,,1
,Diane English,http://www.imdb.com/name/nm0257606/,,,,,,,1
,Diego Luna,http://www.imdb.com/name/nm0526019/,,,,,,,1
,Dinesh D'Souza,http://www.imdb.com/name/nm1625338/,,,,,,,1
,Dito Montiel,http://www.imdb.com/name/nm1996918/,,,,,,,1
,Dominic Sena,http://www.imdb.com/name/nm0784061/,,,,,,,1
,Don Hall,http://www.imdb.com/name/nm2320658/,,,,,,,1
,Don Mancini,http://www.imdb.com/name/nm0238841/,,,,,,,1
,Don McKellar,http://www.imdb.com/name/nm0001528/,,,,,,,0
,Don Michael Paul,http://www.imdb.com/name/nm0666806/,,,,,,,1
,Don Scardino,http://www.imdb.com/name/nm0769135/,,,,,,,1
,Donald Petrie,http://www.imdb.com/name/nm0677953/,,,,,,,1
,Dong-hoon Choi,http://www.imdb.com/name/nm1569807/,,,,,,,0
,Doug Atchison,http://www.imdb.com/name/nm0040328/,,,,,,,1
,Doug Ellin,http://www.imdb.com/name/nm0254120/,,,,,,,1
,Doug Lefler,http://www.imdb.com/name/nm0498991/,,,,,,,0
,Doug Liman,http://www.imdb.com/name/nm0510731/,,,,,,,1
,Douglas McGrath,http://www.imdb.com/name/nm0569790/,,,,,,,1
,Drake Doremus,http://www.imdb.com/name/nm2035886/,,,,,,,1
,Drew Barrymore,http://www.imdb.com/name/nm0000106/,,,,,,,1
,Drew Goddard,http://www.imdb.com/name/nm1206844/,,,,,,,1
,Dror Moreh,http://www.imdb.com/name/nm0603466/,,,,,,,0
,Duke Johnson,http://www.imdb.com/name/nm2122478/,,,,,,,1
,Duncan Jones,http://www.imdb.com/name/nm1512910/,,,,,,,1
,Duncan Tucker,http://www.imdb.com/name/nm1053371/,,,,,,,1
,Dustin Hoffman,http://www.imdb.com/name/nm0000163/,,,,,,,0
,Dustin Marcellino,http://www.imdb.com/name/nm5204466/,,,,,,,1
,Dwight H. Little,http://www.imdb.com/name/nm0514546/,,,,,,,1
,E. Elias Merhige,http://www.imdb.com/name/nm0580729/,,,,,,,1
,Ed Gass-Donnelly,http://www.imdb.com/name/nm1424878/,,,,,,,1
,Ed Harris,http://www.imdb.com/name/nm0000438/,,,,,,,1
,Edgar Wright,http://www.imdb.com/name/nm0942367/,,,,,,,1
,Edward Zwick,http://www.imdb.com/name/nm0001880/,,,,,,,1
,Eli Roth,http://www.imdb.com/name/nm0744834/,,,,,,,1
,Elizabeth Allen Rosenbaum,http://www.imdb.com/name/nm0020491/,,,,,,,1
,Elizabeth Banks,http://www.imdb.com/name/nm0006969/,,,,,,,1
,Elizabeth Chai Vasarhelyi,http://www.imdb.com/name/nm1888091/,,,,,,,1
,Emilio Estevez,http://www.imdb.com/name/nm0000389/,,,,,,,1
,Eran Kolirin,http://www.imdb.com/name/nm0464115/,,,,,,,0
,Eric Bress,http://www.imdb.com/name/nm0107774/,,,,,,,1
,Eric Brevig,http://www.imdb.com/name/nm0108094/,,,,,,,1
,Eric Darnell,http://www.imdb.com/name/nm0201509/,,,,,,,1
,Eric Toledano,http://www.imdb.com/name/nm0865918/,,,,,,,0
,Eric Valette,http://www.imdb.com/name/nm0884659/,,,,,,,1
,Ericson Core,http://www.imdb.com/name/nm0179697/,,,,,,,1
,Erik Canuel,http://www.imdb.com/name/nm0134811/,,,,,,,0
,Erik Van Looy,http://www.imdb.com/name/nm0887452/,,,,,,,1
,Erik White,http://www.imdb.com/name/nm1336172/,,,,,,,1
,Ernest R. Dickerson,http://www.imdb.com/name/nm0225416/,,,,,,,1
,Espen Sandberg,http://www.imdb.com/name/nm1650283/,,,,,,,0
,Etan Cohen,http://www.imdb.com/name/nm1000113/,,,,,,,1
,Ethan Coen,http://www.imdb.com/name/nm0001053/,,,,,,,1
,Ethan Maniquis,http://www.imdb.com/name/nm0542450/,,,,,,,1
,Eugenio Derbez,http://www.imdb.com/name/nm0220240/,,,,,,,0
,Evan Goldberg,http://www.imdb.com/name/nm1698571/,,,,,,,1
,Eytan Fox,http://www.imdb.com/name/nm0297202/,,,,,,,0
,F. Gary Gray,http://www.imdb.com/name/nm0336620/,,,,,,,1
,Farah Khan,http://www.imdb.com/name/nm0007134/,,,,,,,0
,Farhan Akhtar,http://www.imdb.com/name/nm1027719/,,,,,,,0
,Fatih Akin,http://www.imdb.com/name/nm0015359/,,,,,,,1
,Fede Alvarez,http://www.imdb.com/name/nm1793079/,,,,,,,1
,Fernando Meirelles,http://www.imdb.com/name/nm0576987/,,,,,,,0
,Fisher Stevens,http://www.imdb.com/name/nm0001770/,,,,,,,1
,Florent-Emilio Siri,http://www.imdb.com/name/nm0802807/,,,,,,,1
,Floria Sigismondi,http://www.imdb.com/name/nm0797455/,,,,,,,1
,Florian Henckel von Donnersmarck,http://www.imdb.com/name/nm0003697/,,,,,,,1
,Forest Whitaker,http://www.imdb.com/name/nm0001845/,,,,,,,1
,Francis Lawrence,http://www.imdb.com/name/nm1349376/,,,,,,,1
,Franck Khalfoun,http://www.imdb.com/name/nm0451076/,,,,,,,1
,Frank Coraci,http://www.imdb.com/name/nm0178997/,,,,,,,1
,Frank Darabont,http://www.imdb.com/name/nm0001104/,,,,,,,1
,Frank Marshall,http://www.imdb.com/name/nm0550881/,,,,,,,1
,Frank Miller,http://www.imdb.com/name/nm0588340/,,,,,,,1
,Frank Nissen,http://www.imdb.com/name/nm0632893/,,,,,,,1
,Frank Oz,http://www.imdb.com/name/nm0000568/,,,,,,,1
,Frank Passingham,http://www.imdb.com/name/nm0664896/,,,,,,,1
,Fran?ois Ozon,http://www.imdb.com/name/nm0654830/,,,,,,,0
,Fred Durst,http://www.imdb.com/name/nm0004890/,,,,,,,1
,Fred Savage,http://www.imdb.com/name/nm0000625/,,,,,,,1
,Fred Schepisi,http://www.imdb.com/name/nm0770961/,,,,,,,1
,Fred Wolf,http://www.imdb.com/name/nm0937748/,,,,,,,1
,Frederik Du Chau,http://www.imdb.com/name/nm0238865/,,,,,,,1
,Fr¨¦d¨¦ric Auburtin,http://www.imdb.com/name/nm0041474/,,,,,,,0
,Gabor Csupo,http://www.imdb.com/name/nm0190780/,,,,,,,1
,Gabriel Riva Palacio Alatriste,http://www.imdb.com/name/nm2322876/,,,,,,,0
,Gabriela Cowperthwaite,http://www.imdb.com/name/nm1363250/,,,,,,,1
,Gabriele Muccino,http://www.imdb.com/name/nm0610831/,,,,,,,1
,Gabriele Salvatores,http://www.imdb.com/name/nm0759368/,,,,,,,0
,Gareth Edwards,http://www.imdb.com/name/nm2284484/,,,,,,,1
,Gareth Evans,http://www.imdb.com/name/nm2153088/,,,,,,,0
,Garrett Batty,http://www.imdb.com/name/nm1271233/,,,,,,,1
,Garry Marshall,http://www.imdb.com/name/nm0005190/,,,,,,,1
,Garth Jennings,http://www.imdb.com/name/nm1134029/,,,,,,,1
,Gary Chapman,http://www.imdb.com/name/nm1369705/,,,,,,,1
,Gary David Goldberg,http://www.imdb.com/name/nm0325204/,,,,,,,1
,Gary Eck,http://www.imdb.com/name/nm0248495/,,,,,,,0
,Gary Fleder,http://www.imdb.com/name/nm0001219/,,,,,,,1
,Gary McKendry,http://www.imdb.com/name/nm1834213/,,,,,,,0
,Gary Ross,http://www.imdb.com/name/nm0002657/,,,,,,,1
,Gary Rydstrom,http://www.imdb.com/name/nm0003977/,,,,,,,1
,Gary Shore,http://www.imdb.com/name/nm2411495/,,,,,,,1
,Gary Trousdale,http://www.imdb.com/name/nm0873779/,,,,,,,1
,Gary Winick,http://www.imdb.com/name/nm0935095/,,,,,,,1
,Gauri Shinde,http://www.imdb.com/name/nm1903006/,,,,,,,0
,Gavin Hood,http://www.imdb.com/name/nm0004303/,,,,,,,1
,Gavin O'Connor,http://www.imdb.com/name/nm0640334/,,,,,,,1
,Gavin Wiesen,http://www.imdb.com/name/nm1026883/,,,,,,,1
,Geeta Patel,http://www.imdb.com/name/nm1203789/,,,,,,,1
,Gene Kelly,http://www.imdb.com/name/nm0000037/,,,,,,,1
,Genndy Tartakovsky,http://www.imdb.com/name/nm0850733/,,,,,,,1
,Geoffrey Sax,http://www.imdb.com/name/nm0768249/,,,,,,,1
,George A. Romero,http://www.imdb.com/name/nm0001681/,,,,,,,1
,George Armitage,http://www.imdb.com/name/nm0000786/,,,,,,,1
,George Butler,http://www.imdb.com/name/nm1000159/,,,,,,,1
,George C. Wolfe,http://www.imdb.com/name/nm0938045/,,,,,,,1
,George Clooney,http://www.imdb.com/name/nm0000123/,,,,,,,1
,George Hickenlooper,http://www.imdb.com/name/nm0382584/,,,,,,,0
,George Lucas,http://www.imdb.com/name/nm0000184/,,,,,,,1
,George Miller,http://www.imdb.com/name/nm0004306/,,,,,,,1
,George Nolfi,http://www.imdb.com/name/nm1079776/,,,,,,,1
,George Tillman Jr.,http://www.imdb.com/name/nm0863387/,,,,,,,1
,Ghyslaine C?t¨¦,http://www.imdb.com/name/nm0194774/,,,,,,,0
,Gil Kenan,http://www.imdb.com/name/nm1481493/,,,,,,,1
,Gilles Bourdos,http://www.imdb.com/name/nm0099841/,,,,,,,0
,Gilles Paquet-Brenner,http://www.imdb.com/name/nm0660707/,,,,,,,0
,Gillian Robespierre,http://www.imdb.com/name/nm3521871/,,,,,,,1
,Gina Prince-Bythewood,http://www.imdb.com/name/nm0697656/,,,,,,,1
,Giuseppe Capotondi,http://www.imdb.com/name/nm3321297/,,,,,,,0
,Glen Morgan,http://www.imdb.com/name/nm0604688/,,,,,,,1
,Glenn Ficarra,http://www.imdb.com/name/nm0275629/,,,,,,,1
,Gonzalo L¨®pez-Gallego,http://www.imdb.com/name/nm1018426/,,,,,,,1
,Gore Verbinski,http://www.imdb.com/name/nm0893659/,,,,,,,1
,Graham Annable,http://www.imdb.com/name/nm0030253/,,,,,,,1
,Grant Heslov,http://www.imdb.com/name/nm0381416/,,,,,,,1
,Greg Berlanti,http://www.imdb.com/name/nm0075528/,,,,,,,1
,Greg Coolidge,http://www.imdb.com/name/nm0177637/,,,,,,,1
,Greg MacGillivray,http://www.imdb.com/name/nm0532263/,,,,,,,1
,Greg McLean,http://www.imdb.com/name/nm0572562/,,,,,,,0
,Greg Mottola,http://www.imdb.com/name/nm0609549/,,,,,,,1
,Greg Strause,http://www.imdb.com/name/nm0833780/,,,,,,,1
,Gregg Godfrey,http://www.imdb.com/name/nm2285549/,,,,,,,1
,Gregory Dark,http://www.imdb.com/name/nm0201283/,,,,,,,1
,Gregory Hoblit,http://www.imdb.com/name/nm0387706/,,,,,,,1
,Gregory Jacobs,http://www.imdb.com/name/nm0414423/,,,,,,,1
,Gregory Plotkin,http://www.imdb.com/name/nm0687427/,,,,,,,1
,Griffin Dunne,http://www.imdb.com/name/nm0001162/,,,,,,,1
,Gr¨¦gory Levasseur,http://www.imdb.com/name/nm0505183/,,,,,,,1
,Guillaume Canet,http://www.imdb.com/name/nm0133899/,,,,,,,0
,Guillermo del Toro,http://www.imdb.com/name/nm0868219/,,,,,,,1
,Gurinder Chadha,http://www.imdb.com/name/nm0149446/,,,,,,,0
,Gus Van Sant,http://www.imdb.com/name/nm0001814/,,,,,,,1
,Guy A. Lepage,http://www.imdb.com/name/nm0503204/,,,,,,,0
,Guy Ferland,http://www.imdb.com/name/nm0272704/,,,,,,,1
,Guy Ritchie,http://www.imdb.com/name/nm0005363/,,,,,,,1
,G¨¦rard Depardieu,http://www.imdb.com/name/nm0000367/,,,,,,,0
,Haifaa Al-Mansour,http://www.imdb.com/name/nm2223783/,,,,,,,0
,Han-min Kim,http://www.imdb.com/name/nm3482943/,,,,,,,0
,Hany Abu-Assad,http://www.imdb.com/name/nm0009463/,,,,,,,0
,Harald Zwart,http://www.imdb.com/name/nm0958969/,,,,,,,1
,Harmony Korine,http://www.imdb.com/name/nm0005101/,,,,,,,1
,Harold Cronk,http://www.imdb.com/name/nm1880561/,,,,,,,1
,Harold Ramis,http://www.imdb.com/name/nm0000601/,,,,,,,1
,Harvey Glazer,http://www.imdb.com/name/nm2188866/,,,,,,,1
,Hatsuki Tsuji,http://www.imdb.com/name/nm1022334/,,,,,,,0
,Hayao Miyazaki,http://www.imdb.com/name/nm0594503/,,,,,,,0
,Hayden Schlossberg,http://www.imdb.com/name/nm1376383/,,,,,,,1
,Heitor Dhalia,http://www.imdb.com/name/nm1104944/,,,,,,,1
,Helen Hunt,http://www.imdb.com/name/nm0000166/,,,,,,,1
,Henry Alex Rubin,http://www.imdb.com/name/nm0748066/,,,,,,,1
,Henry Joost,http://www.imdb.com/name/nm1160962/,,,,,,,1
,Henry Selick,http://www.imdb.com/name/nm0783139/,,,,,,,1
,Hideo Nakata,http://www.imdb.com/name/nm0620378/,,,,,,,1
,Hiromasa Yonebayashi,http://www.imdb.com/name/nm0948488/,,,,,,,0
,Howard Deutch,http://www.imdb.com/name/nm0222043/,,,,,,,1
,Howard Hall,http://www.imdb.com/name/nm0355652/,,,,,,,1
,Hoyt Yeatman,http://www.imdb.com/name/nm0947087/,,,,,,,1
,Hu Guan,http://www.imdb.com/name/nm1299690/,,,,,,,0
,Hyung-rae Shim,http://www.imdb.com/name/nm0405374/,,,,,,,0
,Iain Softley,http://www.imdb.com/name/nm0812200/,,,,,,,1
,Ian Iqbal Rashid,http://www.imdb.com/name/nm0711149/,,,,,,,0
,Imtiaz Ali,http://www.imdb.com/name/nm1665004/,,,,,,,0
,Indrani Pal-Chaudhuri,http://www.imdb.com/name/nm3818078/,,,,,,,0
,Ira Sachs,http://www.imdb.com/name/nm0755158/,,,,,,,1
,Irwin Winkler,http://www.imdb.com/name/nm0005563/,,,,,,,1
,Isabel Coixet,http://www.imdb.com/name/nm0170043/,,,,,,,1
,Israel Horovitz,http://www.imdb.com/name/nm0395262/,,,,,,,1
,Istv¨¢n Szab¨®,http://www.imdb.com/name/nm0843640/,,,,,,,0
,Ivan Reitman,http://www.imdb.com/name/nm0718645/,,,,,,,1
,J. Mackye Gruber,http://www.imdb.com/name/nm0344259/,,,,,,,1
,J.A. Bayona,http://www.imdb.com/name/nm1291105/,,,,,,,0
,J.C. Chandor,http://www.imdb.com/name/nm1170855/,,,,,,,1
,J.J. Abrams,http://www.imdb.com/name/nm0009190/,,,,,,,1
,JK Youn,http://www.imdb.com/name/nm1082740/,,,,,,,0
,Jacques Audiard,http://www.imdb.com/name/nm0002191/,,,,,,,0
,Jacques Cluzaud,http://www.imdb.com/name/nm0167384/,,,,,,,0
,Jacques Perrin,http://www.imdb.com/name/nm0674742/,,,,,,,0
,Jake Kasdan,http://www.imdb.com/name/nm0440458/,,,,,,,1
,Jake Schreier,http://www.imdb.com/name/nm1500577/,,,,,,,1
,James Bobin,http://www.imdb.com/name/nm0090386/,,,,,,,1
,James Cameron,http://www.imdb.com/name/nm0000116/,,,,,,,1
,James D. Stern,http://www.imdb.com/name/nm0827726/,,,,,,,1
,James DeMonaco,http://www.imdb.com/name/nm0218621/,,,,,,,1
,James Duffy,http://www.imdb.com/name/nm2086105/,,,,,,,1
,James Foley,http://www.imdb.com/name/nm0001226/,,,,,,,1
,James Gartner,http://www.imdb.com/name/nm1595280/,,,,,,,1
,James Gray,http://www.imdb.com/name/nm0336695/,,,,,,,1
,James Gunn,http://www.imdb.com/name/nm0348181/,,,,,,,1
,James Ivory,http://www.imdb.com/name/nm0412465/,,,,,,,0
,James Kent,http://www.imdb.com/name/nm0448757/,,,,,,,0
,James L. Brooks,http://www.imdb.com/name/nm0000985/,,,,,,,1
,James Mangold,http://www.imdb.com/name/nm0003506/,,,,,,,1
,James Marsh,http://www.imdb.com/name/nm1016428/,,,,,,,0
,James Mather,http://www.imdb.com/name/nm1140492/,,,,,,,0
,James McTeigue,http://www.imdb.com/name/nm0574625/,,,,,,,1
,James Ponsoldt,http://www.imdb.com/name/nm1242054/,,,,,,,1
,James Vanderbilt,http://www.imdb.com/name/nm0888743/,,,,,,,1
,James Wan,http://www.imdb.com/name/nm1490123/,,,,,,,1
,James Watkins,http://www.imdb.com/name/nm1220140/,,,,,,,0
,James Wong,http://www.imdb.com/name/nm0939128/,,,,,,,1
,Jan Kounen,http://www.imdb.com/name/nm0468007/,,,,,,,0
,Jan Pinkava,http://www.imdb.com/name/nm0684342/,,,,,,,1
,Jane Campion,http://www.imdb.com/name/nm0001005/,,,,,,,0
,Jane Lipsitz,http://www.imdb.com/name/nm0513769/,,,,,,,1
,Jared Hess,http://www.imdb.com/name/nm0381478/,,,,,,,1
,Jason Bateman,http://www.imdb.com/name/nm0000867/,,,,,,,1
,Jason Friedberg,http://www.imdb.com/name/nm0294997/,,,,,,,1
,Jason Moore,http://www.imdb.com/name/nm0601337/,,,,,,,1
,Jason Reitman,http://www.imdb.com/name/nm0718646/,,,,,,,1
,Jason Winer,http://www.imdb.com/name/nm0934864/,,,,,,,1
,Jaume Balaguer¨®,http://www.imdb.com/name/nm0049371/,,,,,,,1
,Jaume Collet-Serra,http://www.imdb.com/name/nm1429471/,,,,,,,1
,Javier Abad,http://www.imdb.com/name/nm3371961/,,,,,,,1
,Jay Chandrasekhar,http://www.imdb.com/name/nm0151540/,,,,,,,1
,Jay Duplass,http://www.imdb.com/name/nm0243231/,,,,,,,1
,Jay Roach,http://www.imdb.com/name/nm0005366/,,,,,,,1
,Jay Russell,http://www.imdb.com/name/nm0751221/,,,,,,,1
,Jean Beaudin,http://www.imdb.com/name/nm0064394/,,,,,,,0
,Jean Duval,http://www.imdb.com/name/nm1741096/,,,,,,,1
,Jean-Fran?ois Richet,http://www.imdb.com/name/nm0724938/,,,,,,,1
,Jean-Jacques Annaud,http://www.imdb.com/name/nm0000269/,,,,,,,0
,Jean-Jacques Mantello,http://www.imdb.com/name/nm1580724/,,,,,,,1
,Jean-Marc Vall¨¦e,http://www.imdb.com/name/nm0885249/,,,,,,,1
,Jean-Paul Rappeneau,http://www.imdb.com/name/nm0710919/,,,,,,,0
,Jean-Pierre Dardenne,http://www.imdb.com/name/nm0201094/,,,,,,,0
,Jean-Pierre Jeunet,http://www.imdb.com/name/nm0000466/,,,,,,,0
,Jee-woon Kim,http://www.imdb.com/name/nm0453518/,,,,,,,1
,Jeff Lowell,http://www.imdb.com/name/nm0523094/,,,,,,,1
,Jeff Newitt,http://www.imdb.com/name/nm0627920/,,,,,,,1
,Jeff Nichols,http://www.imdb.com/name/nm2158772/,,,,,,,1
,Jeff Orlowski,http://www.imdb.com/name/nm2341611/,,,,,,,1
,Jeff Schaffer,http://www.imdb.com/name/nm0769840/,,,,,,,1
,Jeff Stilson,http://www.imdb.com/name/nm0830352/,,,,,,,1
,Jeff Tremaine,http://www.imdb.com/name/nm0871860/,,,,,,,1
,Jeff Wadlow,http://www.imdb.com/name/nm0905592/,,,,,,,1
,Jeffrey Nachmanoff,http://www.imdb.com/name/nm0618680/,,,,,,,1
,Jeffrey W. Byrd,http://www.imdb.com/name/nm0126032/,,,,,,,1
,Jehane Noujaim,http://www.imdb.com/name/nm0636675/,,,,,,,1
,Jemaine Clement,http://www.imdb.com/name/nm1318596/,,,,,,,0
,Jennifer Abbott,http://www.imdb.com/name/nm0007989/,,,,,,,0
,Jennifer Flackett,http://www.imdb.com/name/nm0280814/,,,,,,,1
,Jennifer Lee,http://www.imdb.com/name/nm1601644/,,,,,,,1
,Jennifer Westfeldt,http://www.imdb.com/name/nm0922724/,,,,,,,1
,Jennifer Yuh Nelson,http://www.imdb.com/name/nm0950775/,,,,,,,1
,Jeremy Garelick,http://www.imdb.com/name/nm1275670/,,,,,,,1
,Jeremy Rawle,http://www.imdb.com/name/nm2283486/,,,,,,,1
,Jerry Jameson,http://www.imdb.com/name/nm0417054/,,,,,,,1
,Jerusha Hess,http://www.imdb.com/name/nm1415801/,,,,,,,1
,Jesse Dylan,http://www.imdb.com/name/nm0245888/,,,,,,,1
,Jesse Peretz,http://www.imdb.com/name/nm0673400/,,,,,,,1
,Jessica Bendinger,http://www.imdb.com/name/nm0070566/,,,,,,,1
,Jessie Nelson,http://www.imdb.com/name/nm0625458/,,,,,,,1
,Jessy Terrero,http://www.imdb.com/name/nm0855843/,,,,,,,1
,Jill Culton,http://www.imdb.com/name/nm0191717/,,,,,,,1
,Jim Field Smith,http://www.imdb.com/name/nm1637768/,,,,,,,1
,Jim Hanon,http://www.imdb.com/name/nm1268721/,,,,,,,1
,Jim Jarmusch,http://www.imdb.com/name/nm0000464/,,,,,,,1
,Jim Rash,http://www.imdb.com/name/nm0711110/,,,,,,,1
,Jim Sheridan,http://www.imdb.com/name/nm0006487/,,,,,,,1
,Jim Sonzero,http://www.imdb.com/name/nm0814517/,,,,,,,1
,Jimmy Chin,http://www.imdb.com/name/nm3011011/,,,,,,,1
,Jimmy Hayward,http://www.imdb.com/name/nm0371755/,,,,,,,1
,Joachim R?nning,http://www.imdb.com/name/nm1461392/,,,,,,,0
,Joby Harold,http://www.imdb.com/name/nm1703612/,,,,,,,1
,Jody Hill,http://www.imdb.com/name/nm2095817/,,,,,,,1
,Joe Camp,http://www.imdb.com/name/nm0131995/,,,,,,,1
,Joe Carnahan,http://www.imdb.com/name/nm0138620/,,,,,,,1
,Joe Johnston,http://www.imdb.com/name/nm0002653/,,,,,,,1
,Joe Menendez,http://www.imdb.com/name/nm0994553/,,,,,,,1
,Joe Nussbaum,http://www.imdb.com/name/nm0638271/,,,,,,,1
,Joe Ranft,http://www.imdb.com/name/nm0710020/,,,,,,,1
,Joe Roth,http://www.imdb.com/name/nm0005387/,,,,,,,1
,Joe Russo,http://www.imdb.com/name/nm0751648/,,,,,,,1
,Joe Wright,http://www.imdb.com/name/nm0942504/,,,,,,,1
,Joel Coen,http://www.imdb.com/name/nm0001054/,,,,,,,1
,Joel Edgerton,http://www.imdb.com/name/nm0249291/,,,,,,,1
,Joel Hopkins,http://www.imdb.com/name/nm0394199/,,,,,,,1
,Joel Schumacher,http://www.imdb.com/name/nm0001708/,,,,,,,1
,Joel Zwick,http://www.imdb.com/name/nm0959034/,,,,,,,1
,John A. Davis,http://www.imdb.com/name/nm0204884/,,,,,,,1
,John Bonito,http://www.imdb.com/name/nm1669022/,,,,,,,1
,John Cameron Mitchell,http://www.imdb.com/name/nm0593463/,,,,,,,1
,John Carney,http://www.imdb.com/name/nm0138809/,,,,,,,1
,John Crowley,http://www.imdb.com/name/nm1259871/,,,,,,,1
,John Curran,http://www.imdb.com/name/nm0192845/,,,,,,,1
,John Dahl,http://www.imdb.com/name/nm0001093/,,,,,,,1
,John Erick Dowdle,http://www.imdb.com/name/nm0235719/,,,,,,,1
,John Francis Daley,http://www.imdb.com/name/nm0197855/,,,,,,,1
,John Gatins,http://www.imdb.com/name/nm0309691/,,,,,,,1
,John Hamburg,http://www.imdb.com/name/nm0357453/,,,,,,,1
,John Hillcoat,http://www.imdb.com/name/nm0384825/,,,,,,,1
,John Lasseter,http://www.imdb.com/name/nm0005124/,,,,,,,1
,John Lee Hancock,http://www.imdb.com/name/nm0359387/,,,,,,,1
,John Luessenhop,http://www.imdb.com/name/nm0525141/,,,,,,,1
,John Madden,http://www.imdb.com/name/nm0006960/,,,,,,,1
,John Maloof,http://www.imdb.com/name/nm5525244/,,,,,,,1
,John Maybury,http://www.imdb.com/name/nm0562266/,,,,,,,1
,John Michael McDonagh,http://www.imdb.com/name/nm0567620/,,,,,,,0
,John Moore,http://www.imdb.com/name/nm0601382/,,,,,,,1
,John Musker,http://www.imdb.com/name/nm0615780/,,,,,,,1
,John Pasquin,http://www.imdb.com/name/nm0664756/,,,,,,,1
,John Patrick Shanley,http://www.imdb.com/name/nm0788234/,,,,,,,1
,John Pogue,http://www.imdb.com/name/nm0688282/,,,,,,,1
,John Polson,http://www.imdb.com/name/nm0689852/,,,,,,,1
,John Putch,http://www.imdb.com/name/nm0003289/,,,,,,,1
,John R. Leonetti,http://www.imdb.com/name/nm0502954/,,,,,,,1
,John Requa,http://www.imdb.com/name/nm0720135/,,,,,,,1
,John Sanford,http://www.imdb.com/name/nm0998551/,,,,,,,1
,John Schultz,http://www.imdb.com/name/nm0776271/,,,,,,,1
,John Singleton,http://www.imdb.com/name/nm0005436/,,,,,,,1
,John Stephenson,http://www.imdb.com/name/nm0827268/,,,,,,,1
,John Stevenson,http://www.imdb.com/name/nm0828970/,,,,,,,1
,John Stockwell,http://www.imdb.com/name/nm0007082/,,,,,,,1
,John Sullivan,http://www.imdb.com/name/nm2769225/,,,,,,,1
,John Turturro,http://www.imdb.com/name/nm0001806/,,,,,,,1
,John Wells,http://www.imdb.com/name/nm0920274/,,,,,,,1
,John Whitesell,http://www.imdb.com/name/nm0925870/,,,,,,,1
,Jon Avnet,http://www.imdb.com/name/nm0000816/,,,,,,,1
,Jon Erwin,http://www.imdb.com/name/nm2296528/,,,,,,,1
,Jon Favreau,http://www.imdb.com/name/nm0269463/,,,,,,,1
,Jon Gunn,http://www.imdb.com/name/nm0348197/,,,,,,,1
,Jon Hurwitz,http://www.imdb.com/name/nm1375358/,,,,,,,1
,Jon Kasdan,http://www.imdb.com/name/nm0440459/,,,,,,,1
,Jon Lucas,http://www.imdb.com/name/nm0524190/,,,,,,,1
,Jon M. Chu,http://www.imdb.com/name/nm0160840/,,,,,,,1
,Jon Poll,http://www.imdb.com/name/nm0689343/,,,,,,,1
,Jon Stewart,http://www.imdb.com/name/nm0829537/,,,,,,,1
,Jon Turteltaub,http://www.imdb.com/name/nm0005509/,,,,,,,1
,Jonas Elmer,http://www.imdb.com/name/nm0255411/,,,,,,,1
,Jonathan Dayton,http://www.imdb.com/name/nm0206760/,,,,,,,1
,Jonathan Demme,http://www.imdb.com/name/nm0001129/,,,,,,,1
,Jonathan Frakes,http://www.imdb.com/name/nm0000408/,,,,,,,0
,Jonathan Glazer,http://www.imdb.com/name/nm0322242/,,,,,,,1
,Jonathan Goldstein,http://www.imdb.com/name/nm0326246/,,,,,,,1
,Jonathan Hensleigh,http://www.imdb.com/name/nm0378144/,,,,,,,1
,Jonathan Levine,http://www.imdb.com/name/nm1349522/,,,,,,,1
,Jonathan Liebesman,http://www.imdb.com/name/nm0509448/,,,,,,,1
,Jonathan Mostow,http://www.imdb.com/name/nm0609236/,,,,,,,1
,Jonathan Teplitzky,http://www.imdb.com/name/nm0855300/,,,,,,,0
,Jonathan van Tulleken,http://www.imdb.com/name/nm1743387/,,,,,,,1
,Joon-ho Bong,http://www.imdb.com/name/nm0094435/,,,,,,,0
,Jorge Blanco,http://www.imdb.com/name/nm3360961/,,,,,,,1
,Jorge R. Guti¨¦rrez,http://www.imdb.com/name/nm1509613/,,,,,,,1
,Jorma Taccone,http://www.imdb.com/name/nm1672246/,,,,,,,1
,Joseph Cedar,http://www.imdb.com/name/nm0147737/,,,,,,,0
,Joseph Gordon-Levitt,http://www.imdb.com/name/nm0330687/,,,,,,,1
,Joseph Kahn,http://www.imdb.com/name/nm0994538/,,,,,,,1
,Joseph Kosinski,http://www.imdb.com/name/nm2676052/,,,,,,,1
,Joseph Ruben,http://www.imdb.com/name/nm0747849/,,,,,,,1
,Josh Boone,http://www.imdb.com/name/nm1837748/,,,,,,,1
,Josh Gordon,http://www.imdb.com/name/nm0330347/,,,,,,,1
,Josh Schwartz,http://www.imdb.com/name/nm0777300/,,,,,,,1
,Josh Trank,http://www.imdb.com/name/nm2503633/,,,,,,,1
,Joshua Marston,http://www.imdb.com/name/nm0551358/,,,,,,,1
,Joshua Michael Stern,http://www.imdb.com/name/nm0827750/,,,,,,,1
,Joss Whedon,http://www.imdb.com/name/nm0923736/,,,,,,,1
,Jos¨¦ Padilha,http://www.imdb.com/name/nm0655683/,,,,,,,1
,Juan Carlos Fresnadillo,http://www.imdb.com/name/nm0294379/,,,,,,,0
,Juan Jos¨¦ Campanella,http://www.imdb.com/name/nm0002728/,,,,,,,0
,Judd Apatow,http://www.imdb.com/name/nm0031976/,,,,,,,1
,Judy Irving,http://www.imdb.com/name/nm0410294/,,,,,,,1
,Judy Morris,http://www.imdb.com/name/nm0606688/,,,,,,,1
,Julian Jarrold,http://www.imdb.com/name/nm0418982/,,,,,,,0
,Julian Schnabel,http://www.imdb.com/name/nm0773603/,,,,,,,0
,Julie Anne Robinson,http://www.imdb.com/name/nm1455688/,,,,,,,1
,Julie Delpy,http://www.imdb.com/name/nm0000365/,,,,,,,0
,Julie Taymor,http://www.imdb.com/name/nm0853380/,,,,,,,1
,Justin Chadwick,http://www.imdb.com/name/nm0149491/,,,,,,,0
,Justin Lin,http://www.imdb.com/name/nm0510912/,,,,,,,1
,Justin Simien,http://www.imdb.com/name/nm2798574/,,,,,,,1
,Justin Zackham,http://www.imdb.com/name/nm0951698/,,,,,,,1
,Kabir Khan,http://www.imdb.com/name/nm1203138/,,,,,,,0
,Kar-Wai Wong,http://www.imdb.com/name/nm0939182/,,,,,,,0
,Karan Johar,http://www.imdb.com/name/nm0424103/,,,,,,,0
,Karan Malhotra,http://www.imdb.com/name/nm1633551/,,,,,,,0
,Karey Kirkpatrick,http://www.imdb.com/name/nm0456732/,,,,,,,1
,Karyn Kusama,http://www.imdb.com/name/nm0476201/,,,,,,,1
,Kasi Lemmons,http://www.imdb.com/name/nm0501435/,,,,,,,1
,Kathryn Bigelow,http://www.imdb.com/name/nm0000941/,,,,,,,1
,Katja von Garnier,http://www.imdb.com/name/nm0902290/,,,,,,,1
,Keenen Ivory Wayans,http://www.imdb.com/name/nm0005540/,,,,,,,1
,Keith Scholey,http://www.imdb.com/name/nm0774582/,,,,,,,1
,Kelly Asbury,http://www.imdb.com/name/nm0038432/,,,,,,,1
,Ken Kwapis,http://www.imdb.com/name/nm0477129/,,,,,,,1
,Ken Scott,http://www.imdb.com/name/nm0779433/,,,,,,,1
,Kenneth Branagh,http://www.imdb.com/name/nm0000110/,,,,,,,1
,Kenny Ortega,http://www.imdb.com/name/nm0650905/,,,,,,,1
,Kent Alterman,http://www.imdb.com/name/nm0022768/,,,,,,,1
,Kerry Conran,http://www.imdb.com/name/nm0175775/,,,,,,,1
,Kevin Allen,http://www.imdb.com/name/nm0020728/,,,,,,,1
,Kevin Bray,http://www.imdb.com/name/nm0106230/,,,,,,,1
,Kevin Greutert,http://www.imdb.com/name/nm0340436/,,,,,,,1
,Kevin Lima,http://www.imdb.com/name/nm0510674/,,,,,,,1
,Kevin Macdonald,http://www.imdb.com/name/nm0531817/,,,,,,,1
,Kevin McAfee,http://www.imdb.com/name/nm1349523/,,,,,,,1
,Kevin Munroe,http://www.imdb.com/name/nm1083489/,,,,,,,1
,Kevin Reynolds,http://www.imdb.com/name/nm0721817/,,,,,,,1
,Kevin Rodney Sullivan,http://www.imdb.com/name/nm0838198/,,,,,,,1
,Kevin Smith,http://www.imdb.com/name/nm0003620/,,,,,,,1
,Kevin Spacey,http://www.imdb.com/name/nm0000228/,,,,,,,1
,Kevin Tancharoen,http://www.imdb.com/name/nm1160495/,,,,,,,1
,Ki-duk Kim,http://www.imdb.com/name/nm1104118/,,,,,,,0
,Kimberly Peirce,http://www.imdb.com/name/nm0005303/,,,,,,,1
,Kirk De Micco,http://www.imdb.com/name/nm0210320/,,,,,,,1
,Kirk Jones,http://www.imdb.com/name/nm0428600/,,,,,,,1
,Kirk Wise,http://www.imdb.com/name/nm0936374/,,,,,,,1
,Kirsten Sheridan,http://www.imdb.com/name/nm0792202/,,,,,,,1
,Klay Hall,http://www.imdb.com/name/nm0355806/,,,,,,,1
,Kris Pearn,http://www.imdb.com/name/nm2329165/,,,,,,,1
,Kristopher Belman,http://www.imdb.com/name/nm2844886/,,,,,,,1
,Kurt Wimmer,http://www.imdb.com/name/nm0934483/,,,,,,,1
,Kyle Balda,http://www.imdb.com/name/nm0049633/,,,,,,,1
,Lajos Koltai,http://www.imdb.com/name/nm0005759/,,,,,,,1
,Lake Bell,http://www.imdb.com/name/nm1128572/,,,,,,,1
,Lana Wachowski,http://www.imdb.com/name/nm0905154/,,,,,,,1
,Lance Rivera,http://www.imdb.com/name/nm1457166/,,,,,,,1
,Larry Charles,http://www.imdb.com/name/nm0153078/,,,,,,,1
,Lars von Trier,http://www.imdb.com/name/nm0001885/,,,,,,,0
,Lasse Hallstr?m,http://www.imdb.com/name/nm0002120/,,,,,,,1
,Laura Lau,http://www.imdb.com/name/nm0490582/,,,,,,,1
,Laura Poitras,http://www.imdb.com/name/nm0688636/,,,,,,,1
,Lauren Greenfield,http://www.imdb.com/name/nm1132362/,,,,,,,1
,Laurence Dunmore,http://www.imdb.com/name/nm1461380/,,,,,,,0
,Laurent Cantet,http://www.imdb.com/name/nm0134559/,,,,,,,0
,Lawrence Guterman,http://www.imdb.com/name/nm0349183/,,,,,,,1
,Lee Daniels,http://www.imdb.com/name/nm0200005/,,,,,,,1
,Lee Hirsch,http://www.imdb.com/name/nm1097276/,,,,,,,1
,Lee Sternthal,http://www.imdb.com/name/nm1600872/,,,,,,,1
,Lee Tamahori,http://www.imdb.com/name/nm0848414/,,,,,,,1
,Lee Toland Krieger,http://www.imdb.com/name/nm1767218/,,,,,,,1
,Lee Unkrich,http://www.imdb.com/name/nm0881279/,,,,,,,1
,Leigh Whannell,http://www.imdb.com/name/nm1191481/,,,,,,,1
,Len Wiseman,http://www.imdb.com/name/nm0936482/,,,,,,,1
,Lenny Abrahamson,http://www.imdb.com/name/nm1049433/,,,,,,,0
,Leon Ichaso,http://www.imdb.com/name/nm0406687/,,,,,,,1
,Leonardo Defilippis,http://www.imdb.com/name/nm0991612/,,,,,,,1
,Les Mayfield,http://www.imdb.com/name/nm0562645/,,,,,,,1
,Leslie Small,http://www.imdb.com/name/nm0806492/,,,,,,,1
,Levan Gabriadze,http://www.imdb.com/name/nm0300174/,,,,,,,1
,Lexi Alexander,http://www.imdb.com/name/nm0591994/,,,,,,,1
,Liam Lynch,http://www.imdb.com/name/nm0528381/,,,,,,,1
,Liev Schreiber,http://www.imdb.com/name/nm0000630/,,,,,,,1
,Lilly Wachowski,http://www.imdb.com/name/nm0905152/,,,,,,,1
,Lisa Cholodenko,http://www.imdb.com/name/nm0158966/,,,,,,,1
,Lisa Leeman,http://www.imdb.com/name/nm0498658/,,,,,,,1
,Liz Friedlander,http://www.imdb.com/name/nm0295107/,,,,,,,1
,Lone Scherfig,http://www.imdb.com/name/nm0771054/,,,,,,,1
,Lorene Scafaria,http://www.imdb.com/name/nm1032521/,,,,,,,1
,Louis Leterrier,http://www.imdb.com/name/nm0504642/,,,,,,,1
,Luc Besson,http://www.imdb.com/name/nm0000108/,,,,,,,1
,Luc Dardenne,http://www.imdb.com/name/nm0201095/,,,,,,,0
,Luc Jacquet,http://www.imdb.com/name/nm0415207/,,,,,,,0
,Luca Guadagnino,http://www.imdb.com/name/nm0345174/,,,,,,,0
,Luigi Falorni,http://www.imdb.com/name/nm0266510/,,,,,,,0
,Luke Greenfield,http://www.imdb.com/name/nm0339004/,,,,,,,1
,Lynn Shelton,http://www.imdb.com/name/nm1119645/,,,,,,,1
,Lynne Ramsay,http://www.imdb.com/name/nm0708903/,,,,,,,1
,L¨¢szl¨® Nemes,http://www.imdb.com/name/nm1841577/,,,,,,,0
,L¨¦a Pool,http://www.imdb.com/name/nm0690794/,,,,,,,0
,M. Night Shyamalan,http://www.imdb.com/name/nm0796117/,,,,,,,1
,Mabrouk El Mechri,http://www.imdb.com/name/nm1333798/,,,,,,,1
,Maggie Carey,http://www.imdb.com/name/nm0962849/,,,,,,,1
,Malcolm D. Lee,http://www.imdb.com/name/nm0002700/,,,,,,,1
,Malik Bendjelloul,http://www.imdb.com/name/nm0070594/,,,,,,,0
,Manny Rodriguez,http://www.imdb.com/name/nm0735416/,,,,,,,1
,Marc Abraham,http://www.imdb.com/name/nm0008953/,,,,,,,1
,Marc Forby,http://www.imdb.com/name/nm0285436/,,,,,,,1
,Marc Forster,http://www.imdb.com/name/nm0286975/,,,,,,,1
,Marc Lawrence,http://www.imdb.com/name/nm0492909/,,,,,,,1
,Marc Webb,http://www.imdb.com/name/nm1989536/,,,,,,,1
,Marcel Langenegger,http://www.imdb.com/name/nm2251947/,,,,,,,1
,Marco Schnabel,http://www.imdb.com/name/nm0773605/,,,,,,,1
,Marcos Mart¨ªnez,http://www.imdb.com/name/nm3483756/,,,,,,,1
,Marcos Siega,http://www.imdb.com/name/nm0796864/,,,,,,,1
,Marcus Dunstan,http://www.imdb.com/name/nm1729303/,,,,,,,1
,Marcus Nispel,http://www.imdb.com/name/nm1197971/,,,,,,,1
,Marielle Heller,http://www.imdb.com/name/nm1716636/,,,,,,,1
,Marilyn Agrelo,http://www.imdb.com/name/nm1802009/,,,,,,,1
,Marjane Satrapi,http://www.imdb.com/name/nm2277869/,,,,,,,0
,Mark Achbar,http://www.imdb.com/name/nm0009788/,,,,,,,0
,Mark Andrews,http://www.imdb.com/name/nm0028764/,,,,,,,1
,Mark Burton,http://www.imdb.com/name/nm0123666/,,,,,,,0
,Mark Cowen,http://www.imdb.com/name/nm0184729/,,,,,,,1
,Mark Dindal,http://www.imdb.com/name/nm0227540/,,,,,,,1
,Mark Duplass,http://www.imdb.com/name/nm0243233/,,,,,,,1
,Mark Helfrich,http://www.imdb.com/name/nm0375068/,,,,,,,1
,Mark Herman,http://www.imdb.com/name/nm0379179/,,,,,,,0
,Mark Levin,http://www.imdb.com/name/nm0505662/,,,,,,,1
,Mark Linfield,http://www.imdb.com/name/nm1768412/,,,,,,,1
,Mark Mylod,http://www.imdb.com/name/nm0617042/,,,,,,,1
,Mark Neveldine,http://www.imdb.com/name/nm0004410/,,,,,,,1
,Mark Osborne,http://www.imdb.com/name/nm0651706/,,,,,,,1
,Mark Palansky,http://www.imdb.com/name/nm0657372/,,,,,,,0
,Mark Pellington,http://www.imdb.com/name/nm0671210/,,,,,,,1
,Mark Romanek,http://www.imdb.com/name/nm0738796/,,,,,,,1
,Mark Rosman,http://www.imdb.com/name/nm0743093/,,,,,,,1
,Mark Steven Johnson,http://www.imdb.com/name/nm0425756/,,,,,,,1
,Mark Tonderai,http://www.imdb.com/name/nm0867127/,,,,,,,1
,Mark Vicente,http://www.imdb.com/name/nm0895917/,,,,,,,1
,Mark Waters,http://www.imdb.com/name/nm0914134/,,,,,,,1
,Martha Coolidge,http://www.imdb.com/name/nm0004838/,,,,,,,1
,Martin Campbell,http://www.imdb.com/name/nm0132709/,,,,,,,1
,Martin McDonagh,http://www.imdb.com/name/nm1732981/,,,,,,,0
,Martin Scorsese,http://www.imdb.com/name/nm0000217/,,,,,,,1
,Martin Weisz,http://www.imdb.com/name/nm1170286/,,,,,,,1
,Masahiro Hosoda,http://www.imdb.com/name/nm0396075/,,,,,,,0
,Masayuki Ochiai,http://www.imdb.com/name/nm0643696/,,,,,,,1
,Mastan Alibhai Burmawalla,http://www.imdb.com/name/nm0122217/,,,,,,,0
,Mathieu Kassovitz,http://www.imdb.com/name/nm0440913/,,,,,,,0
,Matt Bettinelli-Olpin,http://www.imdb.com/name/nm2366012/,,,,,,,1
,Matt Maiellaro,http://www.imdb.com/name/nm0537410/,,,,,,,1
,Matt Piedmont,http://www.imdb.com/name/nm0682126/,,,,,,,1
,Matt Reeves,http://www.imdb.com/name/nm0716257/,,,,,,,1
,Matt Russell,http://www.imdb.com/name/nm1634071/,,,,,,,1
,Matt Tyrnauer,http://www.imdb.com/name/nm2961289/,,,,,,,1
,Matthew Dyas,http://www.imdb.com/name/nm3118719/,,,,,,,0
,Matthew O'Callaghan,http://www.imdb.com/name/nm0639965/,,,,,,,1
,Matthew Robinson,http://www.imdb.com/name/nm2816668/,,,,,,,1
,Matthew Vaughn,http://www.imdb.com/name/nm0891216/,,,,,,,1
,Matthew Warchus,http://www.imdb.com/name/nm0911334/,,,,,,,0
,Matthijs van Heijningen Jr.,http://www.imdb.com/name/nm0374048/,,,,,,,1
,Max Joseph,http://www.imdb.com/name/nm3273000/,,,,,,,1
,Max Mayer,http://www.imdb.com/name/nm0562470/,,,,,,,1
,Maya Forbes,http://www.imdb.com/name/nm0285379/,,,,,,,1
,McG,http://www.imdb.com/name/nm0629334/,,,,,,,1
,Mel Gibson,http://www.imdb.com/name/nm0000154/,,,,,,,1
,Mennan Yapo,http://www.imdb.com/name/nm0946327/,,,,,,,1
,Menno Meyjes,http://www.imdb.com/name/nm0583675/,,,,,,,1
,Michael Apted,http://www.imdb.com/name/nm0000776/,,,,,,,1
,Michael Bay,http://www.imdb.com/name/nm0000881/,,,,,,,1
,Michael Caton-Jones,http://www.imdb.com/name/nm0001994/,,,,,,,1
,Michael Cuesta,http://www.imdb.com/name/nm0191147/,,,,,,,1
,Michael D. Olmos,http://www.imdb.com/name/nm0201524/,,,,,,,1
,Michael Davis,http://www.imdb.com/name/nm0205157/,,,,,,,1
,Michael Dougherty,http://www.imdb.com/name/nm1002424/,,,,,,,1
,Michael Dowse,http://www.imdb.com/name/nm0236226/,,,,,,,1
,Michael Haneke,http://www.imdb.com/name/nm0359734/,,,,,,,0
,Michael Hoffman,http://www.imdb.com/name/nm0001355/,,,,,,,1
,Michael J. Bassett,http://www.imdb.com/name/nm1068186/,,,,,,,0
,Michael Lehmann,http://www.imdb.com/name/nm0499724/,,,,,,,1
,Michael Lembeck,http://www.imdb.com/name/nm0501185/,,,,,,,1
,Michael Mann,http://www.imdb.com/name/nm0000520/,,,,,,,1
,Michael Mayer,http://www.imdb.com/name/nm1555287/,,,,,,,1
,Michael McCullers,http://www.imdb.com/name/nm0567112/,,,,,,,1
,Michael Moore,http://www.imdb.com/name/nm0601619/,,,,,,,1
,Michael O. Sajbel,http://www.imdb.com/name/nm0756935/,,,,,,,1
,Michael Patrick King,http://www.imdb.com/name/nm0455078/,,,,,,,1
,Michael Polish,http://www.imdb.com/name/nm0689187/,,,,,,,1
,Michael Radford,http://www.imdb.com/name/nm0705535/,,,,,,,1
,Michael Schultz,http://www.imdb.com/name/nm0776317/,,,,,,,1
,Michael Spierig,http://www.imdb.com/name/nm1294961/,,,,,,,0
,Michael Sucsy,http://www.imdb.com/name/nm1302591/,,,,,,,1
,Michael Tiddes,http://www.imdb.com/name/nm1639277/,,,,,,,1
,Michael Winterbottom,http://www.imdb.com/name/nm0935863/,,,,,,,1
,Micha?l R. Roskam,http://www.imdb.com/name/nm1742427/,,,,,,,1
,Michel Gondry,http://www.imdb.com/name/nm0327273/,,,,,,,1
,Michel Hazanavicius,http://www.imdb.com/name/nm0371890/,,,,,,,0
,Mickey Liddell,http://www.imdb.com/name/nm0509176/,,,,,,,1
,Miguel Arteta,http://www.imdb.com/name/nm0037708/,,,,,,,1
,Miguel Sapochnik,http://www.imdb.com/name/nm0764601/,,,,,,,1
,Mikael H?fstr?m,http://www.imdb.com/name/nm0405632/,,,,,,,1
,Mike Bigelow,http://www.imdb.com/name/nm1600805/,,,,,,,1
,Mike Binder,http://www.imdb.com/name/nm0082802/,,,,,,,1
,Mike Birbiglia,http://www.imdb.com/name/nm1898126/,,,,,,,1
,Mike Clattenburg,http://www.imdb.com/name/nm0154104/,,,,,,,0
,Mike Disa,http://www.imdb.com/name/nm1918538/,,,,,,,1
,Mike Flanagan,http://www.imdb.com/name/nm1093039/,,,,,,,1
,Mike Johnson,http://www.imdb.com/name/nm0425843/,,,,,,,1
,Mike Judge,http://www.imdb.com/name/nm0431918/,,,,,,,1
,Mike Leigh,http://www.imdb.com/name/nm0005139/,,,,,,,0
,Mike McCoy,http://www.imdb.com/name/nm0566788/,,,,,,,1
,Mike Mills,http://www.imdb.com/name/nm0590122/,,,,,,,1
,Mike Mitchell,http://www.imdb.com/name/nm0593610/,,,,,,,1
,Mike Nawrocki,http://www.imdb.com/name/nm1007740/,,,,,,,1
,Mike Newell,http://www.imdb.com/name/nm0001565/,,,,,,,1
,Mike Nichols,http://www.imdb.com/name/nm0001566/,,,,,,,1
,Mike Thurmeier,http://www.imdb.com/name/nm0862211/,,,,,,,1
,Mira Nair,http://www.imdb.com/name/nm0619762/,,,,,,,1
,Miranda July,http://www.imdb.com/name/nm0432380/,,,,,,,1
,Morgan Neville,http://www.imdb.com/name/nm1365879/,,,,,,,1
,Morgan Spurlock,http://www.imdb.com/name/nm1041597/,,,,,,,1
,Mort Nathan,http://www.imdb.com/name/nm0622240/,,,,,,,1
,Morten Tyldum,http://www.imdb.com/name/nm0878763/,,,,,,,1
,M?ns M?rlind,http://www.imdb.com/name/nm0617523/,,,,,,,1
,Nancy Meyers,http://www.imdb.com/name/nm0583600/,,,,,,,1
,Nanette Burstein,http://www.imdb.com/name/nm0123379/,,,,,,,1
,Nat Faxon,http://www.imdb.com/name/nm0269542/,,,,,,,1
,Natalie Portman,http://www.imdb.com/name/nm0000204/,,,,,,,1
,Nathan Frankowski,http://www.imdb.com/name/nm2021984/,,,,,,,1
,Nathan Greno,http://www.imdb.com/name/nm1977355/,,,,,,,1
,Neal Brennan,http://www.imdb.com/name/nm0107366/,,,,,,,1
,Neil Burger,http://www.imdb.com/name/nm1139726/,,,,,,,1
,Neil Jordan,http://www.imdb.com/name/nm0001403/,,,,,,,1
,Neil LaBute,http://www.imdb.com/name/nm0001438/,,,,,,,1
,Neil Marshall,http://www.imdb.com/name/nm0551076/,,,,,,,0
,Neil Nightingale,http://www.imdb.com/name/nm0631473/,,,,,,,1
,Neill Blomkamp,http://www.imdb.com/name/nm0088955/,,,,,,,1
,Nelson McCormick,http://www.imdb.com/name/nm1879589/,,,,,,,1
,Nicholas Hytner,http://www.imdb.com/name/nm0405336/,,,,,,,0
,Nicholas Jarecki,http://www.imdb.com/name/nm1906430/,,,,,,,1
,Nicholas Jasenovec,http://www.imdb.com/name/nm2074328/,,,,,,,1
,Nicholas Stoller,http://www.imdb.com/name/nm0831557/,,,,,,,1
,Nicholaus Goossen,http://www.imdb.com/name/nm0329650/,,,,,,,1
,Nick Cassavetes,http://www.imdb.com/name/nm0001024/,,,,,,,1
,Nick Hamm,http://www.imdb.com/name/nm0358327/,,,,,,,1
,Nick Hurran,http://www.imdb.com/name/nm0403541/,,,,,,,1
,Nick Park,http://www.imdb.com/name/nm0661910/,,,,,,,0
,Nicolas Winding Refn,http://www.imdb.com/name/nm0716347/,,,,,,,1
,Nicole Holofcener,http://www.imdb.com/name/nm0392237/,,,,,,,1
,Niels Arden Oplev,http://www.imdb.com/name/nm0649117/,,,,,,,1
,Nigel Cole,http://www.imdb.com/name/nm0170719/,,,,,,,1
,Niki Caro,http://www.imdb.com/name/nm0138927/,,,,,,,1
,Nikolaj Arcel,http://www.imdb.com/name/nm1064048/,,,,,,,0
,Nima Nourizadeh,http://www.imdb.com/name/nm1294036/,,,,,,,1
,Nimr¨®d Antal,http://www.imdb.com/name/nm0030735/,,,,,,,1
,Nnegest Likk¨¦,http://www.imdb.com/name/nm2104340/,,,,,,,1
,Noah Baumbach,http://www.imdb.com/name/nm0000876/,,,,,,,1
,Noam Murro,http://www.imdb.com/name/nm1729171/,,,,,,,1
,Nobuhiro Suwa,http://www.imdb.com/name/nm0840485/,,,,,,,0
,Nora Ephron,http://www.imdb.com/name/nm0001188/,,,,,,,1
,Olatunde Osunsanmi,http://www.imdb.com/name/nm1069989/,,,,,,,1
,Ole Bornedal,http://www.imdb.com/name/nm0097079/,,,,,,,1
,Oliver Hirschbiegel,http://www.imdb.com/name/nm0386570/,,,,,,,1
,Oliver Parker,http://www.imdb.com/name/nm0662529/,,,,,,,1
,Oliver Schmitz,http://www.imdb.com/name/nm0005628/,,,,,,,0
,Oliver Stone,http://www.imdb.com/name/nm0000231/,,,,,,,1
,Olivier Assayas,http://www.imdb.com/name/nm0000801/,,,,,,,0
,Olivier Dahan,http://www.imdb.com/name/nm0196860/,,,,,,,0
,Olivier Megaton,http://www.imdb.com/name/nm0576298/,,,,,,,0
,Olivier Nakache,http://www.imdb.com/name/nm0619923/,,,,,,,0
,Oren Moverman,http://www.imdb.com/name/nm0610219/,,,,,,,1
,Oren Peli,http://www.imdb.com/name/nm2305431/,,,,,,,1
,Oxide Chun Pang,http://www.imdb.com/name/nm0161152/,,,,,,,1
,P.J. Hogan,http://www.imdb.com/name/nm0389591/,,,,,,,1
,Pablo Larra¨ªn,http://www.imdb.com/name/nm1883257/,,,,,,,0
,Paola di Florio,http://www.imdb.com/name/nm0223814/,,,,,,,1
,Paolo Sorrentino,http://www.imdb.com/name/nm0815204/,,,,,,,0
,Pascal Vuong,http://www.imdb.com/name/nm0904449/,,,,,,,0
,Patrice Leconte,http://www.imdb.com/name/nm0496312/,,,,,,,0
,Patricia Riggen,http://www.imdb.com/name/nm0726638/,,,,,,,1
,Patricia Rozema,http://www.imdb.com/name/nm0005390/,,,,,,,1
,Patrick Creadon,http://www.imdb.com/name/nm0187091/,,,,,,,1
,Patrick Doughtie,http://www.imdb.com/name/nm3459865/,,,,,,,1
,Patrick Hughes,http://www.imdb.com/name/nm0400850/,,,,,,,1
,Patrick Lussier,http://www.imdb.com/name/nm0527261/,,,,,,,1
,Patrick Stettner,http://www.imdb.com/name/nm0828099/,,,,,,,1
,Patrick Tatopoulos,http://www.imdb.com/name/nm0851281/,,,,,,,1
,Patrik Forsberg,http://www.imdb.com/name/nm1158962/,,,,,,,1
,Paul Abascal,http://www.imdb.com/name/nm0007708/,,,,,,,1
,Paul Andrew Williams,http://www.imdb.com/name/nm1440314/,,,,,,,0
,Paul Bolger,http://www.imdb.com/name/nm0092959/,,,,,,,1
,Paul Feig,http://www.imdb.com/name/nm0082450/,,,,,,,1
,Paul Greengrass,http://www.imdb.com/name/nm0339030/,,,,,,,1
,Paul Haggis,http://www.imdb.com/name/nm0353673/,,,,,,,1
,Paul Johansson,http://www.imdb.com/name/nm0424035/,,,,,,,1
,Paul King,http://www.imdb.com/name/nm1653753/,,,,,,,0
,Paul McGuigan,http://www.imdb.com/name/nm0006476/,,,,,,,1
,Paul Provenza,http://www.imdb.com/name/nm0699037/,,,,,,,1
,Paul Thomas Anderson,http://www.imdb.com/name/nm0000759/,,,,,,,1
,Paul Tibbitt,http://www.imdb.com/name/nm1196684/,,,,,,,1
,Paul Verhoeven,http://www.imdb.com/name/nm0000682/,,,,,,,0
,Paul W.S. Anderson,http://www.imdb.com/name/nm0027271/,,,,,,,1
,Paul Weiland,http://www.imdb.com/name/nm0917992/,,,,,,,1
,Paul Weitz,http://www.imdb.com/name/nm0919369/,,,,,,,1
,Pawel Pawlikowski,http://www.imdb.com/name/nm0667734/,,,,,,,0
,Pedro Almod¨®var,http://www.imdb.com/name/nm0000264/,,,,,,,0
,Pedro Pablo Ibarra,http://www.imdb.com/name/nm0950426/,,,,,,,0
,Pete Docter,http://www.imdb.com/name/nm0230032/,,,,,,,1
,Pete Travis,http://www.imdb.com/name/nm0871428/,,,,,,,1
,Peter Berg,http://www.imdb.com/name/nm0000916/,,,,,,,1
,Peter Billingsley,http://www.imdb.com/name/nm0082526/,,,,,,,1
,Peter Bratt,http://www.imdb.com/name/nm0105571/,,,,,,,1
,Peter Cattaneo,http://www.imdb.com/name/nm0146341/,,,,,,,1
,Peter Chelsom,http://www.imdb.com/name/nm0155093/,,,,,,,1
,Peter Cornwell,http://www.imdb.com/name/nm1433996/,,,,,,,1
,Peter Farrelly,http://www.imdb.com/name/nm0268380/,,,,,,,1
,Peter Hedges,http://www.imdb.com/name/nm0373282/,,,,,,,1
,Peter Hewitt,http://www.imdb.com/name/nm0382072/,,,,,,,1
,Peter Howitt,http://www.imdb.com/name/nm0398185/,,,,,,,0
,Peter Hyams,http://www.imdb.com/name/nm0001382/,,,,,,,1
,Peter Jackson,http://www.imdb.com/name/nm0001392/,,,,,,,1
,Peter Landesman,http://www.imdb.com/name/nm1481618/,,,,,,,1
,Peter Lepeniotis,http://www.imdb.com/name/nm0503259/,,,,,,,0
,Peter Lord,http://www.imdb.com/name/nm0520485/,,,,,,,1
,Peter Ramsey,http://www.imdb.com/name/nm0709056/,,,,,,,1
,Peter Segal,http://www.imdb.com/name/nm0781842/,,,,,,,1
,Peter Sohn,http://www.imdb.com/name/nm0812307/,,,,,,,1
,Peter Sollett,http://www.imdb.com/name/nm0813164/,,,,,,,1
,Peter Spierig,http://www.imdb.com/name/nm1294962/,,,,,,,0
,Peter Webber,http://www.imdb.com/name/nm0916424/,,,,,,,1
,Peter Weir,http://www.imdb.com/name/nm0001837/,,,,,,,1
,Peyton Reed,http://www.imdb.com/name/nm0715636/,,,,,,,1
,Phil Joanou,http://www.imdb.com/name/nm0423333/,,,,,,,1
,Phil Lord,http://www.imdb.com/name/nm0520488/,,,,,,,1
,Phil Morrison,http://www.imdb.com/name/nm0607275/,,,,,,,1
,Phil Traill,http://www.imdb.com/name/nm1288766/,,,,,,,1
,Philip G. Atwell,http://www.imdb.com/name/nm0041161/,,,,,,,1
,Philip Kaufman,http://www.imdb.com/name/nm0442241/,,,,,,,1
,Philippe Claudel,http://www.imdb.com/name/nm1061623/,,,,,,,0
,Philippe Falardeau,http://www.imdb.com/name/nm0265852/,,,,,,,1
,Phillip Noyce,http://www.imdb.com/name/nm0637518/,,,,,,,1
,Phyllida Lloyd,http://www.imdb.com/name/nm1630273/,,,,,,,1
,Pierre Coffin,http://www.imdb.com/name/nm1853544/,,,,,,,1
,Pierre Falardeau,http://www.imdb.com/name/nm0265853/,,,,,,,0
,Pierre Morel,http://www.imdb.com/name/nm0603628/,,,,,,,1
,Pierre Salvadori,http://www.imdb.com/name/nm0759270/,,,,,,,0
,Pieter Jan Brugge,http://www.imdb.com/name/nm0115764/,,,,,,,1
,Pitof,http://www.imdb.com/name/nm0685759/,,,,,,,1
,Prachya Pinkaew,http://www.imdb.com/name/nm1272773/,,,,,,,0
,Prakash Jha,http://www.imdb.com/name/nm0422552/,,,,,,,0
,Preston A. Whitmore II,http://www.imdb.com/name/nm0926211/,,,,,,,1
,Quentin Tarantino,http://www.imdb.com/name/nm0000233/,,,,,,,1
,R.J. Cutler,http://www.imdb.com/name/nm0191712/,,,,,,,1
,RZA,http://www.imdb.com/name/nm0753526/,,,,,,,1
,Raja Gosnell,http://www.imdb.com/name/nm0331532/,,,,,,,1
,Rajkumar Hirani,http://www.imdb.com/name/nm0386246/,,,,,,,0
,Rakesh Roshan,http://www.imdb.com/name/nm0004363/,,,,,,,0
,Rakeysh Omprakash Mehra,http://www.imdb.com/name/nm1018493/,,,,,,,0
,Rama Burshtein,http://www.imdb.com/name/nm5112815/,,,,,,,0
,Raman Hui,http://www.imdb.com/name/nm0401203/,,,,,,,1
,Ramin Bahrani,http://www.imdb.com/name/nm1023919/,,,,,,,1
,Randall Miller,http://www.imdb.com/name/nm0589168/,,,,,,,1
,Randall Wallace,http://www.imdb.com/name/nm0908824/,,,,,,,1
,Ravi Patel,http://www.imdb.com/name/nm2201027/,,,,,,,1
,Rawson Marshall Thurber,http://www.imdb.com/name/nm1098493/,,,,,,,1
,Raymond De Felitta,http://www.imdb.com/name/nm0208343/,,,,,,,1
,Reema Kagti,http://www.imdb.com/name/nm1030373/,,,,,,,0
,Renny Harlin,http://www.imdb.com/name/nm0001317/,,,,,,,1
,Rian Johnson,http://www.imdb.com/name/nm0426059/,,,,,,,1
,Ric Roman Waugh,http://www.imdb.com/name/nm0006846/,,,,,,,1
,Ricardo de Montreuil,http://www.imdb.com/name/nm1662693/,,,,,,,0
,Rich Christiano,http://www.imdb.com/name/nm0160126/,,,,,,,1
,Rich Moore,http://www.imdb.com/name/nm0601781/,,,,,,,1
,Richard Curtis,http://www.imdb.com/name/nm0193485/,,,,,,,0
,Richard Donner,http://www.imdb.com/name/nm0001149/,,,,,,,1
,Richard Eyre,http://www.imdb.com/name/nm0264236/,,,,,,,0
,Richard Glatzer,http://www.imdb.com/name/nm0322144/,,,,,,,1
,Richard J. Lewis,http://www.imdb.com/name/nm0003557/,,,,,,,0
,Richard Kelly,http://www.imdb.com/name/nm0446819/,,,,,,,1
,Richard LaGravenese,http://www.imdb.com/name/nm0481418/,,,,,,,1
,Richard Linklater,http://www.imdb.com/name/nm0000500/,,,,,,,1
,Richard Loncraine,http://www.imdb.com/name/nm0518644/,,,,,,,1
,Richard Press,http://www.imdb.com/name/nm0696236/,,,,,,,1
,Richard Robbins,http://www.imdb.com/name/nm0730446/,,,,,,,1
,Richard Shepard,http://www.imdb.com/name/nm0791672/,,,,,,,1
,Richard Starzak,http://www.imdb.com/name/nm0326450/,,,,,,,0
,Rick Famuyiwa,http://www.imdb.com/name/nm0266622/,,,,,,,1
,Ricki Stern,http://www.imdb.com/name/nm0827830/,,,,,,,1
,Ricky Gervais,http://www.imdb.com/name/nm0315041/,,,,,,,1
,Ridley Scott,http://www.imdb.com/name/nm0000631/,,,,,,,1
,Rik Swartzwelder,http://www.imdb.com/name/nm1270318/,,,,,,,1
,Ritesh Batra,http://www.imdb.com/name/nm3592235/,,,,,,,0
,Rob Bowman,http://www.imdb.com/name/nm0101385/,,,,,,,1
,Rob Cohen,http://www.imdb.com/name/nm0003418/,,,,,,,1
,Rob Hardy,http://www.imdb.com/name/nm0362734/,,,,,,,1
,Rob Letterman,http://www.imdb.com/name/nm1224299/,,,,,,,1
,Rob Marshall,http://www.imdb.com/name/nm0551128/,,,,,,,1
,Rob McKittrick,http://www.imdb.com/name/nm1301035/,,,,,,,1
,Rob Minkoff,http://www.imdb.com/name/nm0591450/,,,,,,,1
,Rob Reiner,http://www.imdb.com/name/nm0001661/,,,,,,,1
,Rob Thomas,http://www.imdb.com/name/nm0859432/,,,,,,,1
,Rob Zombie,http://www.imdb.com/name/nm0957772/,,,,,,,1
,Robert Altman,http://www.imdb.com/name/nm0000265/,,,,,,,1
,Robert B. Weide,http://www.imdb.com/name/nm0004332/,,,,,,,0
,Robert Ben Garant,http://www.imdb.com/name/nm0304830/,,,,,,,1
,Robert Benton,http://www.imdb.com/name/nm0000914/,,,,,,,1
,Robert C. Ramirez,http://www.imdb.com/name/nm0708371/,,,,,,,1
,Robert De Niro,http://www.imdb.com/name/nm0000134/,,,,,,,1
,Robert Kenner,http://www.imdb.com/name/nm0448422/,,,,,,,1
,Robert Lorenz,http://www.imdb.com/name/nm0520749/,,,,,,,1
,Robert Luketic,http://www.imdb.com/name/nm0525659/,,,,,,,1
,Robert Pulcini,http://www.imdb.com/name/nm0700301/,,,,,,,1
,Robert Redford,http://www.imdb.com/name/nm0000602/,,,,,,,1
,Robert Rodriguez,http://www.imdb.com/name/nm0001675/,,,,,,,1
,Robert Schwentke,http://www.imdb.com/name/nm0777881/,,,,,,,1
,Robert Shaye,http://www.imdb.com/name/nm0790144/,,,,,,,1
,Robert Stevenhagen,http://www.imdb.com/name/nm0828207/,,,,,,,1
,Robert Stromberg,http://www.imdb.com/name/nm0834902/,,,,,,,1
,Robert Zemeckis,http://www.imdb.com/name/nm0000709/,,,,,,,1
,Roberts Gannaway,http://www.imdb.com/name/nm0304432/,,,,,,,1
,Robin Swicord,http://www.imdb.com/name/nm0842523/,,,,,,,1
,Rod Lurie,http://www.imdb.com/name/nm0527109/,,,,,,,1
,Rodolfo Riva-Palacio Alatriste,http://www.imdb.com/name/nm1349604/,,,,,,,0
,Rodrigo Cort¨¦s,http://www.imdb.com/name/nm0181579/,,,,,,,1
,Rodrigo Garc¨ªa,http://www.imdb.com/name/nm0006554/,,,,,,,1
,Roger Allers,http://www.imdb.com/name/nm0021249/,,,,,,,1
,Roger Donaldson,http://www.imdb.com/name/nm0002044/,,,,,,,1
,Roger Kumble,http://www.imdb.com/name/nm0474955/,,,,,,,1
,Roger Michell,http://www.imdb.com/name/nm0585011/,,,,,,,1
,Rohit Shetty,http://www.imdb.com/name/nm1460159/,,,,,,,0
,Roland Emmerich,http://www.imdb.com/name/nm0000386/,,,,,,,1
,Roman Polanski,http://www.imdb.com/name/nm0000591/,,,,,,,0
,Ron Clements,http://www.imdb.com/name/nm0166256/,,,,,,,1
,Ron Fricke,http://www.imdb.com/name/nm0294825/,,,,,,,1
,Ron Howard,http://www.imdb.com/name/nm0000165/,,,,,,,1
,Ron Krauss,http://www.imdb.com/name/nm0470323/,,,,,,,1
,Ron Underwood,http://www.imdb.com/name/nm0881038/,,,,,,,1
,Ronan Chapalain,http://www.imdb.com/name/nm3654605/,,,,,,,0
,Ronnie Del Carmen,http://www.imdb.com/name/nm0215455/,,,,,,,1
,Ronny Yu,http://www.imdb.com/name/nm0950553/,,,,,,,0
,Ross Kauffman,http://www.imdb.com/name/nm1502104/,,,,,,,1
,Rowan Joffe,http://www.imdb.com/name/nm0423626/,,,,,,,1
,Rowdy Herrington,http://www.imdb.com/name/nm0380705/,,,,,,,1
,Ruba Nadda,http://www.imdb.com/name/nm0618779/,,,,,,,0
,Ruben Fleischer,http://www.imdb.com/name/nm0281508/,,,,,,,1
,Ruben ?stlund,http://www.imdb.com/name/nm1128037/,,,,,,,0
,Rupert Goold,http://www.imdb.com/name/nm3734458/,,,,,,,1
,Rupert Sanders,http://www.imdb.com/name/nm2782185/,,,,,,,1
,Rupert Wainwright,http://www.imdb.com/name/nm0906548/,,,,,,,1
,Rupert Wyatt,http://www.imdb.com/name/nm1012501/,,,,,,,1
,Russell Crowe,http://www.imdb.com/name/nm0000128/,,,,,,,0
,Russell Holt,http://www.imdb.com/name/nm1112199/,,,,,,,1
,Russell Mulcahy,http://www.imdb.com/name/nm0611683/,,,,,,,0
,Rusty Cundieff,http://www.imdb.com/name/nm0192090/,,,,,,,1
,Ryan Coogler,http://www.imdb.com/name/nm3363032/,,,,,,,1
,Ryan Fleck,http://www.imdb.com/name/nm0281396/,,,,,,,1
,Ryan Murphy,http://www.imdb.com/name/nm0614682/,,,,,,,1
,S. Shankar,http://www.imdb.com/name/nm0788171/,,,,,,,0
,S.S. Rajamouli,http://www.imdb.com/name/nm1442514/,,,,,,,0
,Sabir Khan,http://www.imdb.com/name/nm1287649/,,,,,,,0
,Sacha Gervasi,http://www.imdb.com/name/nm0315065/,,,,,,,1
,Sajid Khan,http://www.imdb.com/name/nm1349318/,,,,,,,0
,Sajid Nadiadwala,http://www.imdb.com/name/nm0618898/,,,,,,,0
,Salim Akil,http://www.imdb.com/name/nm0015328/,,,,,,,1
,Sam Fell,http://www.imdb.com/name/nm0271402/,,,,,,,1
,Sam Mendes,http://www.imdb.com/name/nm0005222/,,,,,,,1
,Sam Miller,http://www.imdb.com/name/nm0589284/,,,,,,,1
,Sam Raimi,http://www.imdb.com/name/nm0000600/,,,,,,,1
,Sam Taylor-Johnson,http://www.imdb.com/name/nm0853374/,,,,,,,1
,Samuel Bayer,http://www.imdb.com/name/nm1207904/,,,,,,,1
,Sanaa Hamri,http://www.imdb.com/name/nm1065402/,,,,,,,1
,Sanjay Leela Bhansali,http://www.imdb.com/name/nm0080220/,,,,,,,0
,Sara Sugarman,http://www.imdb.com/name/nm0837406/,,,,,,,1
,Sarah Gavron,http://www.imdb.com/name/nm0310673/,,,,,,,0
,Sarah Polley,http://www.imdb.com/name/nm0001631/,,,,,,,0
,Sarah Smith,http://www.imdb.com/name/nm0809877/,,,,,,,1
,Saul Dibb,http://www.imdb.com/name/nm1314116/,,,,,,,0
,Scott Cooper,http://www.imdb.com/name/nm0178376/,,,,,,,1
,Scott Derrickson,http://www.imdb.com/name/nm0220600/,,,,,,,1
,Scott Frank,http://www.imdb.com/name/nm0291082/,,,,,,,1
,Scott Hicks,http://www.imdb.com/name/nm0382956/,,,,,,,1
,Scott Marshall,http://www.imdb.com/name/nm0551167/,,,,,,,1
,Scott Moore,http://www.imdb.com/name/nm0601859/,,,,,,,1
,Scott Speer,http://www.imdb.com/name/nm1228976/,,,,,,,1
,Scott Stewart,http://www.imdb.com/name/nm0829820/,,,,,,,1
,Scott Waugh,http://www.imdb.com/name/nm0915304/,,,,,,,1
,Scott Wiper,http://www.imdb.com/name/nm0007045/,,,,,,,1
,Sean Anders,http://www.imdb.com/name/nm1890845/,,,,,,,1
,Sean Durkin,http://www.imdb.com/name/nm1699934/,,,,,,,1
,Sean MacLeod Phillips,http://www.imdb.com/name/nm0680782/,,,,,,,1
,Sean McNamara,http://www.imdb.com/name/nm0573732/,,,,,,,1
,Sean Penn,http://www.imdb.com/name/nm0000576/,,,,,,,1
,Sebastian Junger,http://www.imdb.com/name/nm0432631/,,,,,,,1
,Sebastian del Amo,http://www.imdb.com/name/nm1197064/,,,,,,,0
,Sergey Bodrov,http://www.imdb.com/name/nm0091076/,,,,,,,1
,Sergio Arau,http://www.imdb.com/name/nm0033190/,,,,,,,1
,Seth Barrish,http://www.imdb.com/name/nm0057592/,,,,,,,1
,Seth Gordon,http://www.imdb.com/name/nm1164861/,,,,,,,1
,Seth MacFarlane,http://www.imdb.com/name/nm0532235/,,,,,,,1
,Seth Rogen,http://www.imdb.com/name/nm0736622/,,,,,,,1
,Shana Feste,http://www.imdb.com/name/nm0275277/,,,,,,,1
,Shane Acker,http://www.imdb.com/name/nm0009942/,,,,,,,1
,Shane Black,http://www.imdb.com/name/nm0000948/,,,,,,,1
,Shane Carruth,http://www.imdb.com/name/nm1503403/,,,,,,,1
,Shari Springer Berman,http://www.imdb.com/name/nm0075849/,,,,,,,1
,Shawn Levy,http://www.imdb.com/name/nm0506613/,,,,,,,1
,Shekhar Kapur,http://www.imdb.com/name/nm0001408/,,,,,,,1
,Shoojit Sircar,http://www.imdb.com/name/nm1999473/,,,,,,,0
,Shunji Iwai,http://www.imdb.com/name/nm0412517/,,,,,,,1
,Siddharth Anand,http://www.imdb.com/name/nm1893457/,,,,,,,0
,Siddique,http://www.imdb.com/name/nm0796504/,,,,,,,0
,Sidney Lumet,http://www.imdb.com/name/nm0001486/,,,,,,,1
,Simon Curtis,http://www.imdb.com/name/nm0193508/,,,,,,,0
,Simon J. Smith,http://www.imdb.com/name/nm0971239/,,,,,,,1
,Simon Wells,http://www.imdb.com/name/nm0920425/,,,,,,,1
,Simon West,http://www.imdb.com/name/nm0922346/,,,,,,,1
,Simon Wincer,http://www.imdb.com/name/nm0934578/,,,,,,,1
,Sngmoo Lee,http://www.imdb.com/name/nm2788363/,,,,,,,0
,Sofia Coppola,http://www.imdb.com/name/nm0001068/,,,,,,,1
,Sooraj R. Barjatya,http://www.imdb.com/name/nm0054744/,,,,,,,0
,Spike Jonze,http://www.imdb.com/name/nm0005069/,,,,,,,1
,Spike Lee,http://www.imdb.com/name/nm0000490/,,,,,,,1
,Stacy Peralta,http://www.imdb.com/name/nm0672769/,,,,,,,1
,Stanley Donen,http://www.imdb.com/name/nm0002045/,,,,,,,1
,Stefan Ruzowitzky,http://www.imdb.com/name/nm0752328/,,,,,,,0
,Stefen Fangmeier,http://www.imdb.com/name/nm0266777/,,,,,,,1
,Stephan Elliott,http://www.imdb.com/name/nm0254632/,,,,,,,0
,Stephanie Soechtig,http://www.imdb.com/name/nm3253001/,,,,,,,1
,Stephen Chbosky,http://www.imdb.com/name/nm0154716/,,,,,,,1
,Stephen Chow,http://www.imdb.com/name/nm0159507/,,,,,,,0
,Stephen Daldry,http://www.imdb.com/name/nm0197636/,,,,,,,1
,Stephen Frears,http://www.imdb.com/name/nm0001241/,,,,,,,0
,Stephen Gaghan,http://www.imdb.com/name/nm0300866/,,,,,,,1
,Stephen Herek,http://www.imdb.com/name/nm0378893/,,,,,,,1
,Stephen Hillenburg,http://www.imdb.com/name/nm0384864/,,,,,,,1
,Stephen Hopkins,http://www.imdb.com/name/nm0394280/,,,,,,,1
,Stephen J. Anderson,http://www.imdb.com/name/nm0027459/,,,,,,,1
,Stephen Judson,http://www.imdb.com/name/nm0431971/,,,,,,,1
,Stephen Kay,http://www.imdb.com/name/nm0443181/,,,,,,,1
,Stephen Sommers,http://www.imdb.com/name/nm0814085/,,,,,,,1
,Stephen St. Leger,http://www.imdb.com/name/nm1908892/,,,,,,,0
,Stephen Walker,http://www.imdb.com/name/nm0908223/,,,,,,,0
,Sterling Van Wagenen,http://www.imdb.com/name/nm0888241/,,,,,,,1
,Steve 'Spaz' Williams,http://www.imdb.com/name/nm0931730/,,,,,,,1
,Steve Antin,http://www.imdb.com/name/nm0031078/,,,,,,,1
,Steve Bendelack,http://www.imdb.com/name/nm0070436/,,,,,,,0
,Steve Box,http://www.imdb.com/name/nm0101508/,,,,,,,0
,Steve Boyum,http://www.imdb.com/name/nm0102434/,,,,,,,1
,Steve Carr,http://www.imdb.com/name/nm0139867/,,,,,,,1
,Steve Hickner,http://www.imdb.com/name/nm0382769/,,,,,,,0
,Steve Martino,http://www.imdb.com/name/nm0553942/,,,,,,,1
,Steve McQueen,http://www.imdb.com/name/nm2588606/,,,,,,,1
,Steve Oedekerk,http://www.imdb.com/name/nm0644203/,,,,,,,1
,Steve Pink,http://www.imdb.com/name/nm0684336/,,,,,,,1
,Steve Purcell,http://www.imdb.com/name/nm0700760/,,,,,,,1
,Steve Race,http://www.imdb.com/name/nm0705058/,,,,,,,1
,Steve Rash,http://www.imdb.com/name/nm0711114/,,,,,,,1
,Steve Shill,http://www.imdb.com/name/nm0793455/,,,,,,,1
,Steven Brill,http://www.imdb.com/name/nm0109359/,,,,,,,1
,Steven Knight,http://www.imdb.com/name/nm1140275/,,,,,,,1
,Steven Lawrence,http://www.imdb.com/name/nm2401789/,,,,,,,1
,Steven Quale,http://www.imdb.com/name/nm0702797/,,,,,,,1
,Steven Soderbergh,http://www.imdb.com/name/nm0001752/,,,,,,,1
,Steven Spielberg,http://www.imdb.com/name/nm0000229/,,,,,,,1
,Steven Zaillian,http://www.imdb.com/name/nm0001873/,,,,,,,1
,Stewart Hendler,http://www.imdb.com/name/nm0376664/,,,,,,,1
,Stiles White,http://www.imdb.com/name/nm0925482/,,,,,,,1
,Stuart Beattie,http://www.imdb.com/name/nm0064181/,,,,,,,1
,Sunu Gonera,http://www.imdb.com/name/nm1549343/,,,,,,,1
,Susan Seidelman,http://www.imdb.com/name/nm0782384/,,,,,,,1
,Susan Stroman,http://www.imdb.com/name/nm0834893/,,,,,,,1
,Susanna White,http://www.imdb.com/name/nm1264352/,,,,,,,0
,Susannah Grant,http://www.imdb.com/name/nm0335666/,,,,,,,1
,Susanne Bier,http://www.imdb.com/name/nm0081540/,,,,,,,1
,Sydney Pollack,http://www.imdb.com/name/nm0001628/,,,,,,,1
,Sylvain Chomet,http://www.imdb.com/name/nm0158984/,,,,,,,0
,Sylvain Roy,http://www.imdb.com/name/nm1509943/,,,,,,,0
,Sylvain White,http://www.imdb.com/name/nm1234893/,,,,,,,1
,Sylvester Stallone,http://www.imdb.com/name/nm0000230/,,,,,,,1
,Tadayoshi Yamamuro,http://www.imdb.com/name/nm2238569/,,,,,,,0
,Taika Waititi,http://www.imdb.com/name/nm0169806/,,,,,,,0
,Takashi Shimizu,http://www.imdb.com/name/nm1234345/,,,,,,,1
,Tamara Jenkins,http://www.imdb.com/name/nm0420982/,,,,,,,1
,Tanya Wexler,http://www.imdb.com/name/nm0923330/,,,,,,,0
,Tarsem Singh,http://www.imdb.com/name/nm0802248/,,,,,,,1
,Tate Taylor,http://www.imdb.com/name/nm0853238/,,,,,,,1
,Taylor Hackford,http://www.imdb.com/name/nm0000431/,,,,,,,1
,Teller,http://www.imdb.com/name/nm0854418/,,,,,,,1
,Terrence Malick,http://www.imdb.com/name/nm0000517/,,,,,,,1
,Terry George,http://www.imdb.com/name/nm0313623/,,,,,,,1
,Terry Gilliam,http://www.imdb.com/name/nm0000416/,,,,,,,1
,Terry Zwigoff,http://www.imdb.com/name/nm0959062/,,,,,,,1
,Theodore Melfi,http://www.imdb.com/name/nm0577647/,,,,,,,1
,Thomas Balm¨¨s,http://www.imdb.com/name/nm0050988/,,,,,,,0
,Thomas Bezucha,http://www.imdb.com/name/nm0080120/,,,,,,,1
,Thomas Carter,http://www.imdb.com/name/nm0141961/,,,,,,,1
,Thomas Guard,http://www.imdb.com/name/nm0345307/,,,,,,,1
,Thomas Vinterberg,http://www.imdb.com/name/nm0899121/,,,,,,,0
,Thor Freudenthal,http://www.imdb.com/name/nm0294457/,,,,,,,1
,Tim Burton,http://www.imdb.com/name/nm0000318/,,,,,,,1
,Tim Chambers,http://www.imdb.com/name/nm1016748/,,,,,,,1
,Tim Fywell,http://www.imdb.com/name/nm0299563/,,,,,,,1
,Tim Hetherington,http://www.imdb.com/name/nm1770672/,,,,,,,1
,Tim Hill,http://www.imdb.com/name/nm0384722/,,,,,,,1
,Tim Johnson,http://www.imdb.com/name/nm0426333/,,,,,,,1
,Tim Story,http://www.imdb.com/name/nm4588077/,,,,,,,1
,Timothy Bj?rklund,http://www.imdb.com/name/nm0074723/,,,,,,,1
,Timur Bekmambetov,http://www.imdb.com/name/nm0067457/,,,,,,,1
,Tina Gordon Chism,http://www.imdb.com/name/nm1202276/,,,,,,,1
,Tod Williams,http://www.imdb.com/name/nm0931095/,,,,,,,1
,Todd Edwards,http://www.imdb.com/name/nm0250410/,,,,,,,1
,Todd Field,http://www.imdb.com/name/nm0276062/,,,,,,,1
,Todd Graff,http://www.imdb.com/name/nm0333804/,,,,,,,1
,Todd Haynes,http://www.imdb.com/name/nm0001331/,,,,,,,1
,Todd Holland,http://www.imdb.com/name/nm0390844/,,,,,,,1
,Todd Lincoln,http://www.imdb.com/name/nm1447139/,,,,,,,1
,Todd Phillips,http://www.imdb.com/name/nm0680846/,,,,,,,1
,Todd Strauss-Schulson,http://www.imdb.com/name/nm0833889/,,,,,,,1
,Tom Brady,http://www.imdb.com/name/nm0103744/,,,,,,,1
,Tom Dey,http://www.imdb.com/name/nm0223359/,,,,,,,1
,Tom Ford,http://www.imdb.com/name/nm1053530/,,,,,,,1
,Tom Gormican,http://www.imdb.com/name/nm3230448/,,,,,,,1
,Tom Hanks,http://www.imdb.com/name/nm0000158/,,,,,,,1
,Tom Harper,http://www.imdb.com/name/nm2197777/,,,,,,,1
,Tom Hooper,http://www.imdb.com/name/nm0393799/,,,,,,,1
,Tom McCarthy,http://www.imdb.com/name/nm0565336/,,,,,,,1
,Tom McGrath,http://www.imdb.com/name/nm0569891/,,,,,,,1
,Tom Shadyac,http://www.imdb.com/name/nm0001723/,,,,,,,1
,Tom Tykwer,http://www.imdb.com/name/nm0878756/,,,,,,,1
,Tom Vaughan,http://www.imdb.com/name/nm0891114/,,,,,,,1
,Tomas Alfredson,http://www.imdb.com/name/nm0019247/,,,,,,,0
,Tommy Lee Jones,http://www.imdb.com/name/nm0000169/,,,,,,,1
,Tommy O'Haver,http://www.imdb.com/name/nm0641373/,,,,,,,1
,Tommy Wirkola,http://www.imdb.com/name/nm2482088/,,,,,,,1
,Toni Myers,http://www.imdb.com/name/nm0616880/,,,,,,,0
,Tony Bill,http://www.imdb.com/name/nm0082300/,,,,,,,1
,Tony Gilroy,http://www.imdb.com/name/nm0006904/,,,,,,,1
,Tony Goldwyn,http://www.imdb.com/name/nm0001282/,,,,,,,1
,Tony Leech,http://www.imdb.com/name/nm0498555/,,,,,,,1
,Tony Leondis,http://www.imdb.com/name/nm1902232/,,,,,,,1
,Tony Scott,http://www.imdb.com/name/nm0001716/,,,,,,,1
,Travis Cluff,http://www.imdb.com/name/nm4000389/,,,,,,,1
,Trent Cooper,http://www.imdb.com/name/nm1401857/,,,,,,,1
,Trevor Moore,http://www.imdb.com/name/nm2222515/,,,,,,,1
,Trey Parker,http://www.imdb.com/name/nm0005295/,,,,,,,1
,Trish Sie,http://www.imdb.com/name/nm2586324/,,,,,,,1
,Troy Duffy,http://www.imdb.com/name/nm0240627/,,,,,,,1
,Troy Nixey,http://www.imdb.com/name/nm2552536/,,,,,,,1
,Tyler Gillett,http://www.imdb.com/name/nm2419470/,,,,,,,1
,Tyler Perry,http://www.imdb.com/name/nm1347153/,,,,,,,1
,Uwe Boll,http://www.imdb.com/name/nm0093051/,,,,,,,1
,Valerie Faris,http://www.imdb.com/name/nm0267512/,,,,,,,1
,Vic Armstrong,http://www.imdb.com/name/nm0002184/,,,,,,,1
,Vicky Jenson,http://www.imdb.com/name/nm0421776/,,,,,,,1
,Victor Fleming,http://www.imdb.com/name/nm0281808/,,,,,,,1
,Vijay Krishna Acharya,http://www.imdb.com/name/nm1715502/,,,,,,,0
,Vincent Paronnaud,http://www.imdb.com/name/nm1749112/,,,,,,,0
,Vincenzo Natali,http://www.imdb.com/name/nm0622112/,,,,,,,1
,Vishal Bhardwaj,http://www.imdb.com/name/nm0080235/,,,,,,,0
,Vondie Curtis-Hall,http://www.imdb.com/name/nm0193554/,,,,,,,1
,Wally Pfister,http://www.imdb.com/name/nm0002892/,,,,,,,1
,Walt Becker,http://www.imdb.com/name/nm0065608/,,,,,,,1
,Walter Hill,http://www.imdb.com/name/nm0001353/,,,,,,,1
,Walter Salles,http://www.imdb.com/name/nm0758574/,,,,,,,1
,Warren Coleman,http://www.imdb.com/name/nm0171253/,,,,,,,1
,Wash Westmoreland,http://www.imdb.com/name/nm0922903/,,,,,,,1
,Wayne Blair,http://www.imdb.com/name/nm0992370/,,,,,,,0
,Wayne Kramer,http://www.imdb.com/name/nm0469694/,,,,,,,1
,Wayne Wang,http://www.imdb.com/name/nm0911061/,,,,,,,1
,Wen Jiang,http://www.imdb.com/name/nm0422638/,,,,,,,1
,Werner Herzog,http://www.imdb.com/name/nm0001348/,,,,,,,1
,Wes Anderson,http://www.imdb.com/name/nm0027572/,,,,,,,1
,Wes Ball,http://www.imdb.com/name/nm1226871/,,,,,,,1
,Wes Craven,http://www.imdb.com/name/nm0000127/,,,,,,,1
,Wil Shriner,http://www.imdb.com/name/nm0795407/,,,,,,,1
,Will Finn,http://www.imdb.com/name/nm0278181/,,,,,,,1
,Will Gluck,http://www.imdb.com/name/nm0323239/,,,,,,,1
,Will Graham,http://www.imdb.com/name/nm2455747/,,,,,,,1
,Will Speck,http://www.imdb.com/name/nm0817447/,,,,,,,1
,William Arntz,http://www.imdb.com/name/nm0036802/,,,,,,,1
,William Brent Bell,http://www.imdb.com/name/nm0068587/,,,,,,,1
,William Dear,http://www.imdb.com/name/nm0213100/,,,,,,,1
,William Friedkin,http://www.imdb.com/name/nm0001243/,,,,,,,1
,William Riead,http://www.imdb.com/name/nm0726041/,,,,,,,1
,Wim Wenders,http://www.imdb.com/name/nm0000694/,,,,,,,0
,Wolfgang Becker,http://www.imdb.com/name/nm0065615/,,,,,,,0
,Wolfgang Petersen,http://www.imdb.com/name/nm0000583/,,,,,,,1
,Woody Allen,http://www.imdb.com/name/nm0000095/,,,,,,,1
,Xavier Beauvois,http://www.imdb.com/name/nm0064741/,,,,,,,0
,Xavier Dolan,http://www.imdb.com/name/nm0230859/,,,,,,,0
,Xavier Gens,http://www.imdb.com/name/nm1164755/,,,,,,,1
,Xavier Palud,http://www.imdb.com/name/nm0658837/,,,,,,,1
,Yaron Zilberman,http://www.imdb.com/name/nm1597629/,,,,,,,1
,Yash Chopra,http://www.imdb.com/name/nm0007181/,,,,,,,0
,Yimou Zhang,http://www.imdb.com/name/nm0955443/,,,,,,,0
,Youssef Delara,http://www.imdb.com/name/nm0216459/,,,,,,,1
,Yvan Attal,http://www.imdb.com/name/nm0040939/,,,,,,,1
,Y?jir? Takita,http://www.imdb.com/name/nm0847690/,,,,,,,0
,Zach Braff,http://www.imdb.com/name/nm0103785/,,,,,,,1
,Zach Cregger,http://www.imdb.com/name/nm1199107/,,,,,,,1
,Zach Helm,http://www.imdb.com/name/nm1590998/,,,,,,,1
,Zack Snyder,http://www.imdb.com/name/nm0811583/,,,,,,,1
,Zal Batmanglij,http://www.imdb.com/name/nm2610231/,,,,,,,1
,Zana Briski,http://www.imdb.com/name/nm1498640/,,,,,,,1
,Ziad Doueiri,http://www.imdb.com/name/nm0234780/,,,,,,,0
,Zoya Akhtar,http://www.imdb.com/name/nm0015295/,,,,,,,0
